model,prompt_id,place,strength,category,prompt_orig,prompt_pert,bertscore_prompt,response_orig,response_pert,bleu,bertscore_response,activation_similarity,delta_log_prob,entropy_shift,jsd_drift,delta_bleu,delta_bertscore_prompt,delta_bertscore_response,delta_activation_similarity,delta_jsd_drift
L3.1-8B,0,global,original,alpaca,"Instruction:
What would be the best type of exercise for a person who has arthritis?","Instruction:
What would be the best type of exercise for a person who has arthritis?",0.9999999403953552,"user

Instruction:
What would be the best type of exercise for a person who has arthritis?assistant

For individuals with arthritis, it's essential to choose exercises that are low-impact, gentle, and don't put excessive stress on the joints. Here are some of the best types of exercises for people with arthritis:

1.  **Water-based exercises**: Swimming, water aerobics, or simply walking in the water can be excellent options. The buoyancy of water reduces the impact on joints, making it an ideal low-impact exercise.
2.  **Cycling**: Stationary cycling or","user

Instruction:
What would be the best type of exercise for a person who has arthritis?assistant

For individuals with arthritis, it's essential to choose exercises that are low-impact, gentle, and don't put excessive stress on the joints. Here are some of the best types of exercises for people with arthritis:

1.  **Water-based exercises**: Swimming, water aerobics, or simply walking in the water can be excellent options. The buoyancy of water reduces the impact on joints, making it an ideal low-impact exercise.
2.  **Cycling**: Stationary cycling or",100.00000000000004,1.0,1.0,,0.0,,,,,,
L3.1-8B,1,global,original,alpaca,"Instruction:
Calculate the atomic mass for lithium.","Instruction:
Calculate the atomic mass for lithium.",0.9999999403953552,": December 2023
Today Date: 26 Jul 2024

user

Instruction:
Calculate the atomic mass for lithium.assistant

To calculate the atomic mass of lithium, we need to know the masses of its naturally occurring isotopes and their relative abundance. Lithium has two naturally occurring isotopes: lithium-6 (6Li) and lithium-7 (7Li).

The atomic mass of lithium-6 is 6.015122 u (unified atomic mass units) and the atomic mass of lithium-7 is 7.016004 u.

The relative abundance of lithium-6 is approximately 7.59%",": December 2023
Today Date: 26 Jul 2024

user

Instruction:
Calculate the atomic mass for lithium.assistant

To calculate the atomic mass of lithium, we need to know the masses of its naturally occurring isotopes and their relative abundance. Lithium has two naturally occurring isotopes: lithium-6 (6Li) and lithium-7 (7Li).

The atomic mass of lithium-6 is 6.015122 u (unified atomic mass units) and the atomic mass of lithium-7 is 7.016004 u.

The relative abundance of lithium-6 is approximately 7.59%",100.00000000000004,1.0,0.9990234375,,0.0,,,,,,
L3.1-8B,2,global,original,alpaca,"Instruction:
Convert the following binary code to ASCII characters.

Input:
01110101 01100001 01110010 01101001 01110100","Instruction:
Convert the following binary code to ASCII characters.

Input:
01110101 01100001 01110010 01101001 01110100",1.0,"01101001 01110100assistant

To convert the binary code to ASCII characters, we need to break it down into groups of 8 bits (since ASCII uses 8-bit binary code) and then convert each group to its corresponding ASCII character.

The given binary code is: 01110101 01100001 01110010 01101001 01110100

Breaking it down into groups of 8 bits:

1. 01110101
2. 01100001
3. 01110010","01101001 01110100assistant

To convert the binary code to ASCII characters, we need to break it down into groups of 8 bits (since ASCII uses 8-bit binary code) and then convert each group to its corresponding ASCII character.

The given binary code is: 01110101 01100001 01110010 01101001 01110100

Breaking it down into groups of 8 bits:

1. 01110101
2. 01100001
3. 01110010",100.00000000000004,1.0,1.0,,0.0,,,,,,
L3.1-8B,3,global,original,alpaca,"Instruction:
Take this sentence and make it more descriptive: She was scared.

Input:
She was scared.","Instruction:
Take this sentence and make it more descriptive: She was scared.

Input:
She was scared.",1.0,"this sentence and make it more descriptive: She was scared.

Input:
She was scared.assistant

Her heart racing with a mix of fear and anxiety, she felt a cold sweat trickle down her spine as a sense of dread washed over her, leaving her feeling utterly terrified.","this sentence and make it more descriptive: She was scared.

Input:
She was scared.assistant

Her heart racing with a mix of fear and anxiety, she felt a cold sweat trickle down her spine as a sense of dread washed over her, leaving her feeling utterly terrified.",100.00000000000004,1.0,0.99951171875,,0.0,,,,,,
L3.1-8B,4,global,original,alpaca,"Instruction:
Brainstorm 3 possible ideas to promote the following product

Input:
New motorized skateboard","Instruction:
Brainstorm 3 possible ideas to promote the following product

Input:
New motorized skateboard",1.0000001192092896,":
Brainstorm 3 possible ideas to promote the following product

Input:
New motorized skateboardassistant

Here are three possible ideas to promote the new motorized skateboard:

1. **""Ride the Future"" Social Media Campaign**:
Create a social media buzz by launching a campaign that showcases the thrill and excitement of riding the new motorized skateboard. Partner with popular social media influencers and content creators in the action sports and tech spaces to showcase the skateboard's features, speed, and agility. Encourage users to share their own videos and photos of them riding the skateboard, using a branded hashtag (e",":
Brainstorm 3 possible ideas to promote the following product

Input:
New motorized skateboardassistant

Here are three possible ideas to promote the new motorized skateboard:

1. **""Ride the Future"" Social Media Campaign**:
Create a social media buzz by launching a campaign that showcases the thrill and excitement of riding the new motorized skateboard. Partner with popular social media influencers and content creators in the action sports and tech spaces to showcase the skateboard's features, speed, and agility. Encourage users to share their own videos and photos of them riding the skateboard, using a branded hashtag (e",100.00000000000004,1.0,1.0,,0.0,,,,,,
L3.1-8B,5,global,original,alpaca,"Instruction:
Rewrite the sentence using imperative mood.

Input:
Please pick up the book from the shelf.","Instruction:
Rewrite the sentence using imperative mood.

Input:
Please pick up the book from the shelf.",1.0,"rite the sentence using imperative mood.

Input:
Please pick up the book from the shelf.assistant

Pick up the book from the shelf.","rite the sentence using imperative mood.

Input:
Please pick up the book from the shelf.assistant

Pick up the book from the shelf.",100.00000000000004,1.0000001192092896,1.0,,0.0,,,,,,
L3.1-8B,6,global,original,alpaca,"Instruction:
Describe a picnic vacation where four people are travelling together.

Input:
Four people are travelling together to a picnic vacation.","Instruction:
Describe a picnic vacation where four people are travelling together.

Input:
Four people are travelling together to a picnic vacation.",1.0,"together.

Input:
Four people are travelling together to a picnic vacation.assistant

As the sun rises over the horizon, four friends, Alex, Emma, Jack, and Sarah, set off on their highly anticipated picnic vacation. They've been planning this trip for weeks, and the excitement is palpable. The group is filled with laughter and chatter as they load up their car with all the essentials: a blanket, a cooler filled with sandwiches, fruits, and refreshing drinks, a portable speaker to set the mood, and a frisbee for some friendly competition.

Their destination is","together.

Input:
Four people are travelling together to a picnic vacation.assistant

As the sun rises over the horizon, four friends, Alex, Emma, Jack, and Sarah, set off on their highly anticipated picnic vacation. They've been planning this trip for weeks, and the excitement is palpable. The group is filled with laughter and chatter as they load up their car with all the essentials: a blanket, a cooler filled with sandwiches, fruits, and refreshing drinks, a portable speaker to set the mood, and a frisbee for some friendly competition.

Their destination is",100.00000000000004,1.0,1.0,,0.0,,,,,,
L3.1-8B,7,global,original,alpaca,"Instruction:
Explain the concept of Big Data and what it means for companies and customers.","Instruction:
Explain the concept of Big Data and what it means for companies and customers.",0.9999998807907104,"user

Instruction:
Explain the concept of Big Data and what it means for companies and customers.assistant

**What is Big Data?**

Big Data refers to the vast amounts of structured and unstructured data that organizations generate, collect, and store. This data can come from various sources, including social media, sensors, IoT devices, mobile devices, and more. The term ""Big Data"" was coined in the early 2000s to describe the exponential growth of data that was becoming increasingly difficult to manage and analyze using traditional data processing tools.

**Characteristics of Big Data:**

1. **","user

Instruction:
Explain the concept of Big Data and what it means for companies and customers.assistant

**What is Big Data?**

Big Data refers to the vast amounts of structured and unstructured data that organizations generate, collect, and store. This data can come from various sources, including social media, sensors, IoT devices, mobile devices, and more. The term ""Big Data"" was coined in the early 2000s to describe the exponential growth of data that was becoming increasingly difficult to manage and analyze using traditional data processing tools.

**Characteristics of Big Data:**

1. **",100.00000000000004,1.0,0.99951171875,,0.0,,,,,,
L3.1-8B,8,global,original,alpaca,"Instruction:
Analyze the given phrase in terms of its connotations.

Input:
Wild goose chase","Instruction:
Analyze the given phrase in terms of its connotations.

Input:
Wild goose chase",0.9999998807907104,"Instruction:
Analyze the given phrase in terms of its connotations.

Input:
Wild goose chaseassistant

The phrase ""wild goose chase"" is an idiomatic expression that refers to a pursuit or search that is futile, frustrating, or pointless. It is often used to describe a situation where someone is chasing after something that is elusive, unattainable, or nonexistent.

In terms of connotations, the phrase ""wild goose chase"" has several implications:

1. **Frustration**: The phrase implies that the pursuit is likely to end in disappointment or frustration, as the goal or target is un","Instruction:
Analyze the given phrase in terms of its connotations.

Input:
Wild goose chaseassistant

The phrase ""wild goose chase"" is an idiomatic expression that refers to a pursuit or search that is futile, frustrating, or pointless. It is often used to describe a situation where someone is chasing after something that is elusive, unattainable, or nonexistent.

In terms of connotations, the phrase ""wild goose chase"" has several implications:

1. **Frustration**: The phrase implies that the pursuit is likely to end in disappointment or frustration, as the goal or target is un",100.00000000000004,1.0,0.99951171875,,0.0,,,,,,
L3.1-8B,9,global,original,alpaca,"Instruction:
List three potential sources for the following research problem.

Input:
What are the benefits of online learning?","Instruction:
List three potential sources for the following research problem.

Input:
What are the benefits of online learning?",0.9999998807907104,"sources for the following research problem.

Input:
What are the benefits of online learning?assistant

Here are three potential sources for researching the benefits of online learning:

1.  **Journal of Educational Computing Research**: This peer-reviewed journal is a leading publication in the field of educational technology and online learning. It publishes research articles on various aspects of online learning, including its benefits, effectiveness, and impact on student outcomes.

2.  **National Center for Education Statistics (NCES)**: The NCES is a trusted source of data and research on education in the United States. They publish reports and","sources for the following research problem.

Input:
What are the benefits of online learning?assistant

Here are three potential sources for researching the benefits of online learning:

1.  **Journal of Educational Computing Research**: This peer-reviewed journal is a leading publication in the field of educational technology and online learning. It publishes research articles on various aspects of online learning, including its benefits, effectiveness, and impact on student outcomes.

2.  **National Center for Education Statistics (NCES)**: The NCES is a trusted source of data and research on education in the United States. They publish reports and",100.00000000000004,1.0,0.9990234375,,0.0,,,,,,
L3.1-8B,10,global,original,alpaca,"Instruction:
Arrange the following countries in ascending order of GDP per capita.

Input:
China, US, India, Japan","Instruction:
Arrange the following countries in ascending order of GDP per capita.

Input:
China, US, India, Japan",0.9999999403953552,"ascending order of GDP per capita.

Input:
China, US, India, Japanassistant

To arrange the countries in ascending order of GDP per capita, we need to know the current GDP per capita of each country. The GDP per capita can vary depending on the source and date, but based on the latest available data from 2021, here are the GDP per capita values for each country:

1. China: $10,260
2. India: $2,134
3. Japan: $44,200
4. US: $69,862

In ascending order","ascending order of GDP per capita.

Input:
China, US, India, Japanassistant

To arrange the countries in ascending order of GDP per capita, we need to know the current GDP per capita of each country. The GDP per capita can vary depending on the source and date, but based on the latest available data from 2021, here are the GDP per capita values for each country:

1. China: $10,260
2. India: $2,134
3. Japan: $44,200
4. US: $69,862

In ascending order",100.00000000000004,1.0,1.0,,0.0,,,,,,
L3.1-8B,11,global,original,alpaca,"Instruction:
Name the boat depicted in the provided photo.

Input:
Attached photo","Instruction:
Name the boat depicted in the provided photo.

Input:
Attached photo",1.0,"2024

user

Instruction:
Name the boat depicted in the provided photo.

Input:
Attached photoassistant

I'm not able to view or access images. However, I can guide you through a process to identify the boat in the photo.

To identify the boat, you can try the following steps:

1.  Describe the boat to me: Provide as much detail as possible about the boat, such as its size, shape, color, and any distinctive features.
2.  Provide more context: If you have any information about the photo, such as where it was taken or when it was taken,","2024

user

Instruction:
Name the boat depicted in the provided photo.

Input:
Attached photoassistant

I'm not able to view or access images. However, I can guide you through a process to identify the boat in the photo.

To identify the boat, you can try the following steps:

1.  Describe the boat to me: Provide as much detail as possible about the boat, such as its size, shape, color, and any distinctive features.
2.  Provide more context: If you have any information about the photo, such as where it was taken or when it was taken,",100.00000000000004,1.0,0.99951171875,,0.0,,,,,,
L3.1-8B,12,global,original,alpaca,"Instruction:
Edit the grammar and punctuation of the given sentence.

Input:
Humor is one of the most important ingredients of life","Instruction:
Edit the grammar and punctuation of the given sentence.

Input:
Humor is one of the most important ingredients of life",0.9999998211860657,".

Input:
Humor is one of the most important ingredients of lifeassistant

The sentence is already grammatically correct, but it could be improved with a comma after ""life"" to provide a clearer pause and better flow. Here's the revised sentence:

Humor is one of the most important ingredients of life.",".

Input:
Humor is one of the most important ingredients of lifeassistant

The sentence is already grammatically correct, but it could be improved with a comma after ""life"" to provide a clearer pause and better flow. Here's the revised sentence:

Humor is one of the most important ingredients of life.",100.00000000000004,0.9999999403953552,0.99951171875,,0.0,,,,,,
L3.1-8B,13,global,original,alpaca,"Instruction:
Calculate the length of the hypotenuse in the following triangle.

Input:
![alt text](https://www.onlinemathlearning.com/image-files/triangle-hypotenuse-length.png ""Right Triangle"")","Instruction:
Calculate the length of the hypotenuse in the following triangle.

Input:
![alt text](https://www.onlinemathlearning.com/image-files/triangle-hypotenuse-length.png ""Right Triangle"")",0.9999999403953552,"To calculate the length of the hypotenuse in the given right triangle, we can use the Pythagorean theorem. The Pythagorean theorem states that in a right-angled triangle, the square of the length of the hypotenuse (c) is equal to the sum of the squares of the lengths of the other two sides (a and b). 

The formula is: c² = a² + b²

In the given triangle, the two sides are 3 and 4","To calculate the length of the hypotenuse in the given right triangle, we can use the Pythagorean theorem. The Pythagorean theorem states that in a right-angled triangle, the square of the length of the hypotenuse (c) is equal to the sum of the squares of the lengths of the other two sides (a and b). 

The formula is: c² = a² + b²

In the given triangle, the two sides are 3 and 4",100.00000000000004,0.9999999403953552,1.0,,0.0,,,,,,
L3.1-8B,14,global,original,alpaca,"Instruction:
How many instruments does a symphony orchestra typically have?","Instruction:
How many instruments does a symphony orchestra typically have?",0.9999998211860657,": 26 Jul 2024

user

Instruction:
How many instruments does a symphony orchestra typically have?assistant

A typical symphony orchestra usually consists of around 80 to 100 musicians. The exact number can vary depending on the specific orchestra and the piece being performed. However, the standard instrumentation for a symphony orchestra includes:

1. Strings:
   - First violins (16-20 players)
   - Second violins (14-18 players)
   - Violas (10-14 players)
   - Cellos (8-12 players)
   - Double basses (6-10 players",": 26 Jul 2024

user

Instruction:
How many instruments does a symphony orchestra typically have?assistant

A typical symphony orchestra usually consists of around 80 to 100 musicians. The exact number can vary depending on the specific orchestra and the piece being performed. However, the standard instrumentation for a symphony orchestra includes:

1. Strings:
   - First violins (16-20 players)
   - Second violins (14-18 players)
   - Violas (10-14 players)
   - Cellos (8-12 players)
   - Double basses (6-10 players",100.00000000000004,1.0,1.0,,0.0,,,,,,
L3.1-8B,15,global,original,alpaca,"Instruction:
Summarize the phrase: ""GPT is a natural language processing architecture.""","Instruction:
Summarize the phrase: ""GPT is a natural language processing architecture.""",1.0,"user

Instruction:
Summarize the phrase: ""GPT is a natural language processing architecture.""assistant

The phrase ""GPT is a natural language processing architecture"" can be summarized as: 

GPT (Generative Pre-trained Transformer) is a type of artificial intelligence model designed to process and understand human language.","user

Instruction:
Summarize the phrase: ""GPT is a natural language processing architecture.""assistant

The phrase ""GPT is a natural language processing architecture"" can be summarized as: 

GPT (Generative Pre-trained Transformer) is a type of artificial intelligence model designed to process and understand human language.",100.00000000000004,1.0,1.0,,0.0,,,,,,
L3.1-8B,0,global,interrogative,alpaca,"Instruction:
What would be the best type of exercise for a person who has arthritis?",What is the best type of exercise for a person who has arthritis?,0.9610059261322021,"user

Instruction:
What would be the best type of exercise for a person who has arthritis?assistant

For individuals with arthritis, it's essential to choose exercises that are low-impact, gentle, and don't put excessive stress on the joints. Here are some of the best types of exercises for people with arthritis:

1.  **Water-based exercises**: Swimming, water aerobics, or simply walking in the water can be excellent options. The buoyancy of water reduces the impact on joints, making it an ideal low-impact exercise.
2.  **Cycling**: Stationary cycling or","has arthritis?assistant

The best type of exercise for a person with arthritis depends on the type and severity of the condition, as well as the individual's overall health and fitness level. However, here are some general guidelines and exercises that are often recommended for people with arthritis:

1.  **Low-Impact Aerobic Exercises**: These exercises are great for people with arthritis as they are easy on the joints and can help improve cardiovascular health. Examples include:
    *   Brisk walking
    *   Swimming or water",20.363283778240127,0.8929641246795654,0.97216796875,,0.072021484375,,,,,,
L3.1-8B,1,global,interrogative,alpaca,"Instruction:
Calculate the atomic mass for lithium.",Can you calculate the atomic mass for lithium?,0.9287811517715454,": December 2023
Today Date: 26 Jul 2024

user

Instruction:
Calculate the atomic mass for lithium.assistant

To calculate the atomic mass of lithium, we need to know the masses of its naturally occurring isotopes and their relative abundance. Lithium has two naturally occurring isotopes: lithium-6 (6Li) and lithium-7 (7Li).

The atomic mass of lithium-6 is 6.015122 u (unified atomic mass units) and the atomic mass of lithium-7 is 7.016004 u.

The relative abundance of lithium-6 is approximately 7.59%","you calculate the atomic mass for lithium?assistant

The atomic mass of lithium is approximately 6.94 u (unified atomic mass units).",3.8224835716022834,0.8869959115982056,0.9521484375,,0.114990234375,,,,,,
L3.1-8B,2,global,interrogative,alpaca,"Instruction:
Convert the following binary code to ASCII characters.

Input:
01110101 01100001 01110010 01101001 01110100",Can you convert the following binary code to ASCII characters?,0.8719174861907959,"01101001 01110100assistant

To convert the binary code to ASCII characters, we need to break it down into groups of 8 bits (since ASCII uses 8-bit binary code) and then convert each group to its corresponding ASCII character.

The given binary code is: 01110101 01100001 01110010 01101001 01110100

Breaking it down into groups of 8 bits:

1. 01110101
2. 01100001
3. 01110010","binary code to ASCII characters?assistant

I'd be happy to help you convert binary code to ASCII characters. However, you haven't provided the binary code yet. Please provide the binary code you'd like me to convert, and I'll do my best to assist you.",7.684022691768285,0.8383916616439819,0.56103515625,,0.03076171875,,,,,,
L3.1-8B,3,global,interrogative,alpaca,"Instruction:
Take this sentence and make it more descriptive: She was scared.

Input:
She was scared.",Was she scared?,0.8593233227729797,"this sentence and make it more descriptive: She was scared.

Input:
She was scared.assistant

Her heart racing with a mix of fear and anxiety, she felt a cold sweat trickle down her spine as a sense of dread washed over her, leaving her feeling utterly terrified.","2024

user

Was she scared?assistant

I don't have enough information to answer your question. You haven't provided any context about who ""she"" is or the situation you're referring to. Could you please provide more context or clarify who ""she"" is and what you're asking about?",1.0956421443241475,0.8366131782531738,0.25146484375,,0.4150390625,,,,,,
L3.1-8B,4,global,interrogative,alpaca,"Instruction:
Brainstorm 3 possible ideas to promote the following product

Input:
New motorized skateboard",What are 3 possible ideas to promote the new motorized skateboard?,0.9019411206245422,":
Brainstorm 3 possible ideas to promote the following product

Input:
New motorized skateboardassistant

Here are three possible ideas to promote the new motorized skateboard:

1. **""Ride the Future"" Social Media Campaign**:
Create a social media buzz by launching a campaign that showcases the thrill and excitement of riding the new motorized skateboard. Partner with popular social media influencers and content creators in the action sports and tech spaces to showcase the skateboard's features, speed, and agility. Encourage users to share their own videos and photos of them riding the skateboard, using a branded hashtag (e","ized skateboard?assistant

Here are three possible ideas to promote the new motorized skateboard:

1. **Social Media Campaign: ""Experience the Thrill""**:
   - Create a series of engaging videos showcasing the motorized skateboard's features, such as its speed, agility, and ease of use.
   - Partner with popular social media influencers and content creators in the action sports and tech niches to review and showcase the product.
   - Utilize Instagram Reels, TikTok, and YouTube to create a buzz around",33.586309245695546,0.9114425182342529,0.84912109375,,0.19189453125,,,,,,
L3.1-8B,5,global,interrogative,alpaca,"Instruction:
Rewrite the sentence using imperative mood.

Input:
Please pick up the book from the shelf.",Could you pick up the book from the shelf?,0.8895469307899475,"rite the sentence using imperative mood.

Input:
Please pick up the book from the shelf.assistant

Pick up the book from the shelf.","up the book from the shelf?assistant

I'm a large language model, I don't have a physical body, so I'm not capable of physically interacting with the world. I exist solely as a digital entity, and I don't have the ability to pick up objects or perform physical actions. However, I can provide information and assist with tasks through text-based conversations. If you need help with something else, feel free to ask!",7.000211240935728,0.8448053598403931,0.1785888671875,,0.695068359375,,,,,,
L3.1-8B,6,global,interrogative,alpaca,"Instruction:
Describe a picnic vacation where four people are travelling together.

Input:
Four people are travelling together to a picnic vacation.",Are four people travelling together to a picnic vacation?,0.891471803188324,"together.

Input:
Four people are travelling together to a picnic vacation.assistant

As the sun rises over the horizon, four friends, Alex, Emma, Jack, and Sarah, set off on their highly anticipated picnic vacation. They've been planning this trip for weeks, and the excitement is palpable. The group is filled with laughter and chatter as they load up their car with all the essentials: a blanket, a cooler filled with sandwiches, fruits, and refreshing drinks, a portable speaker to set the mood, and a frisbee for some friendly competition.

Their destination is","travelling together to a picnic vacation?assistant

That sounds like a lovely idea.  To better understand your question, I'll make some assumptions. 

Let's assume the four people are adults, and they are all going on a picnic vacation together.",3.861786870540176,0.8585120439529419,0.417724609375,,0.25634765625,,,,,,
L3.1-8B,7,global,interrogative,alpaca,"Instruction:
Explain the concept of Big Data and what it means for companies and customers.",What is the concept of Big Data and what does it mean for companies and customers?,0.9451221227645874,"user

Instruction:
Explain the concept of Big Data and what it means for companies and customers.assistant

**What is Big Data?**

Big Data refers to the vast amounts of structured and unstructured data that organizations generate, collect, and store. This data can come from various sources, including social media, sensors, IoT devices, mobile devices, and more. The term ""Big Data"" was coined in the early 2000s to describe the exponential growth of data that was becoming increasingly difficult to manage and analyze using traditional data processing tools.

**Characteristics of Big Data:**

1. **","assistant

Big Data refers to the vast amounts of structured and unstructured data that organizations and businesses collect from various sources, including social media, sensors, IoT devices, and customer interactions. This data is characterized by its volume, velocity, and variety, making it difficult to process and analyze using traditional data management tools.

The three key characteristics of Big Data are:

1.  **Volume**: The sheer amount of data being generated is massive, often measured in petabytes or even exabytes.
2.  **",32.873538876451406,0.9032043218612671,0.94775390625,,0.05419921875,,,,,,
L3.1-8B,8,global,interrogative,alpaca,"Instruction:
Analyze the given phrase in terms of its connotations.

Input:
Wild goose chase","What are the connotations of the phrase ""wild goose chase""?",0.8855024576187134,"Instruction:
Analyze the given phrase in terms of its connotations.

Input:
Wild goose chaseassistant

The phrase ""wild goose chase"" is an idiomatic expression that refers to a pursuit or search that is futile, frustrating, or pointless. It is often used to describe a situation where someone is chasing after something that is elusive, unattainable, or nonexistent.

In terms of connotations, the phrase ""wild goose chase"" has several implications:

1. **Frustration**: The phrase implies that the pursuit is likely to end in disappointment or frustration, as the goal or target is un","wild goose chase""?assistant

The phrase ""wild goose chase"" is an idiomatic expression that refers to a pursuit or search that is futile, frustrating, or pointless. It is often used to describe a situation where someone is chasing after something or someone that is elusive, elusive, or unattainable.

The phrase is thought to have originated from the medieval sport of hunting, where a wild goose was considered a challenging and elusive quarry. In this context, a ""wild goose chase"" referred to the pursuit of a wild goose",44.84242449498597,0.9094426035881042,0.8515625,,0.14794921875,,,,,,
L3.1-8B,9,global,interrogative,alpaca,"Instruction:
List three potential sources for the following research problem.

Input:
What are the benefits of online learning?",What are three potential sources for the research problem regarding the benefits of online learning?,0.9061824679374695,"sources for the following research problem.

Input:
What are the benefits of online learning?assistant

Here are three potential sources for researching the benefits of online learning:

1.  **Journal of Educational Computing Research**: This peer-reviewed journal is a leading publication in the field of educational technology and online learning. It publishes research articles on various aspects of online learning, including its benefits, effectiveness, and impact on student outcomes.

2.  **National Center for Education Statistics (NCES)**: The NCES is a trusted source of data and research on education in the United States. They publish reports and","?assistant

Here are three potential sources for researching the benefits of online learning:

1.  **National Center for Education Statistics (NCES)**: The NCES is a trusted source of data and research on education in the United States. They have conducted numerous studies on online learning, including its effectiveness, student outcomes, and teacher training. You can find reports, data, and research papers on their website that can provide valuable insights into the benefits of online learning.

2.  **Journal of Educational Psychology**: This",55.75094231452154,0.9283398389816284,0.89990234375,,0.14501953125,,,,,,
L3.1-8B,10,global,interrogative,alpaca,"Instruction:
Arrange the following countries in ascending order of GDP per capita.

Input:
China, US, India, Japan","Could you arrange the following countries in ascending order of GDP per capita: China, US, India, Japan?",0.931172788143158,"ascending order of GDP per capita.

Input:
China, US, India, Japanassistant

To arrange the countries in ascending order of GDP per capita, we need to know the current GDP per capita of each country. The GDP per capita can vary depending on the source and date, but based on the latest available data from 2021, here are the GDP per capita values for each country:

1. China: $10,260
2. India: $2,134
3. Japan: $44,200
4. US: $69,862

In ascending order","According to the World Bank data (2021), the GDP per capita for the mentioned countries is as follows:

- China: $10,260
- India: $2,134
- Japan: $44,211
- US: $69,862

In ascending order, the countries are: 
1. India ($2,134)
2. China ($10,260)
3. Japan ($44,211)
4. US ($69,862)",18.263483074740087,0.8977477550506592,0.94775390625,,0.15966796875,,,,,,
L3.1-8B,11,global,interrogative,alpaca,"Instruction:
Name the boat depicted in the provided photo.

Input:
Attached photo",What is the name of the boat depicted in the provided photo?,0.8987987637519836,"2024

user

Instruction:
Name the boat depicted in the provided photo.

Input:
Attached photoassistant

I'm not able to view or access images. However, I can guide you through a process to identify the boat in the photo.

To identify the boat, you can try the following steps:

1.  Describe the boat to me: Provide as much detail as possible about the boat, such as its size, shape, color, and any distinctive features.
2.  Provide more context: If you have any information about the photo, such as where it was taken or when it was taken,","the provided photo?assistant

I can't view images or access external links. However, I can help you identify a boat if you provide a detailed description of the boat in the photo.",3.4054933799627602,0.8792303204536438,0.75146484375,,0.17431640625,,,,,,
L3.1-8B,12,global,interrogative,alpaca,"Instruction:
Edit the grammar and punctuation of the given sentence.

Input:
Humor is one of the most important ingredients of life",Is humor one of the most important ingredients of life?,0.9040061235427856,".

Input:
Humor is one of the most important ingredients of lifeassistant

The sentence is already grammatically correct, but it could be improved with a comma after ""life"" to provide a clearer pause and better flow. Here's the revised sentence:

Humor is one of the most important ingredients of life.","most important ingredients of life?assistant

Humor is indeed a vital ingredient in life, and its importance cannot be overstated. While it may not be the most essential aspect of human existence, it plays a significant role in making life more enjoyable, meaningful, and fulfilling. Here are some reasons why humor is crucial:

1.  **Stress relief and mental health**: Laughter and humor have been shown to reduce stress, anxiety, and depression. They help to release endorphins, which are natural mood-boosters that can",5.504529258348214,0.8390223979949951,0.5263671875,,0.62255859375,,,,,,
L3.1-8B,13,global,interrogative,alpaca,"Instruction:
Calculate the length of the hypotenuse in the following triangle.

Input:
![alt text](https://www.onlinemathlearning.com/image-files/triangle-hypotenuse-length.png ""Right Triangle"")",Can you calculate the length of the hypotenuse in the following triangle?,0.8725131154060364,"To calculate the length of the hypotenuse in the given right triangle, we can use the Pythagorean theorem. The Pythagorean theorem states that in a right-angled triangle, the square of the length of the hypotenuse (c) is equal to the sum of the squares of the lengths of the other two sides (a and b). 

The formula is: c² = a² + b²

In the given triangle, the two sides are 3 and 4","triangle?assistant

I'll need more information about the triangle. Can you provide the lengths of the two legs of the triangle?",1.2089653211922589,0.8394635915756226,0.6083984375,,0.123779296875,,,,,,
L3.1-8B,14,global,interrogative,alpaca,"Instruction:
How many instruments does a symphony orchestra typically have?",How many instruments does a symphony orchestra typically have?,0.9635525941848755,": 26 Jul 2024

user

Instruction:
How many instruments does a symphony orchestra typically have?assistant

A typical symphony orchestra usually consists of around 80 to 100 musicians. The exact number can vary depending on the specific orchestra and the piece being performed. However, the standard instrumentation for a symphony orchestra includes:

1. Strings:
   - First violins (16-20 players)
   - Second violins (14-18 players)
   - Violas (10-14 players)
   - Cellos (8-12 players)
   - Double basses (6-10 players","symphony orchestra typically have?assistant

A typical symphony orchestra usually consists of around 80 to 100 musicians, divided into four main sections: strings, woodwinds, brass, and percussion. Here's a breakdown of the typical instruments found in a symphony orchestra:

1. **Strings** (40-50 musicians):
   - Violins (First and Second): 16-20 players
   - Violas: 8-12 players
   - Cellos: 8-12 players
   - Double Bass",27.698088130321736,0.9096683263778687,0.97607421875,,0.126953125,,,,,,
L3.1-8B,15,global,interrogative,alpaca,"Instruction:
Summarize the phrase: ""GPT is a natural language processing architecture.""","Can you summarize the phrase: ""GPT is a natural language processing architecture""?",0.928771436214447,"user

Instruction:
Summarize the phrase: ""GPT is a natural language processing architecture.""assistant

The phrase ""GPT is a natural language processing architecture"" can be summarized as: 

GPT (Generative Pre-trained Transformer) is a type of artificial intelligence model designed to process and understand human language.","""?assistant

The phrase ""GPT is a natural language processing architecture"" refers to the Generative Pre-trained Transformer (GPT) model, which is a type of artificial intelligence (AI) designed to process and generate human-like language. 

Here's a breakdown of what this means:

1. **Generative**: GPT is capable of generating new text based on the input it receives. It can create coherent and contextually relevant responses, making it a powerful tool for tasks like language translation, text summarization",23.097569594018427,0.8877168297767639,0.87451171875,,0.0048828125,,,,,,
L3.1-8B,0,global,imperative,alpaca,"Instruction:
What would be the best type of exercise for a person who has arthritis?",Determine the best type of exercise for a person who has arthritis.,0.9367439150810242,"user

Instruction:
What would be the best type of exercise for a person who has arthritis?assistant

For individuals with arthritis, it's essential to choose exercises that are low-impact, gentle, and don't put excessive stress on the joints. Here are some of the best types of exercises for people with arthritis:

1.  **Water-based exercises**: Swimming, water aerobics, or simply walking in the water can be excellent options. The buoyancy of water reduces the impact on joints, making it an ideal low-impact exercise.
2.  **Cycling**: Stationary cycling or","best type of exercise for a person who has arthritis.assistant

For individuals with arthritis, it's essential to choose exercises that are low-impact, gentle, and don't put excessive stress on the joints. Here are some of the best types of exercises for people with arthritis:

1.  **Water-based exercises**: Swimming, water aerobics, or simply walking in the water can be excellent options. Water provides buoyancy, reducing the impact on joints, and can help improve flexibility and strength.
2.  **Cycling**: Stationary cycling or using",78.61523239588334,0.9558660984039307,0.96533203125,,0.09814453125,,,,,,
L3.1-8B,1,global,imperative,alpaca,"Instruction:
Calculate the atomic mass for lithium.",Calculate the atomic mass for lithium.,0.9553200006484985,": December 2023
Today Date: 26 Jul 2024

user

Instruction:
Calculate the atomic mass for lithium.assistant

To calculate the atomic mass of lithium, we need to know the masses of its naturally occurring isotopes and their relative abundance. Lithium has two naturally occurring isotopes: lithium-6 (6Li) and lithium-7 (7Li).

The atomic mass of lithium-6 is 6.015122 u (unified atomic mass units) and the atomic mass of lithium-7 is 7.016004 u.

The relative abundance of lithium-6 is approximately 7.59%","26 Jul 2024

user

Calculate the atomic mass for lithium.assistant

To calculate the atomic mass of lithium, we need to consider the naturally occurring isotopes of lithium and their relative abundance. Lithium has two naturally occurring isotopes: lithium-6 (6Li) and lithium-7 (7Li).

The atomic mass of lithium-6 is 6.015122 u (unified atomic mass units) and the atomic mass of lithium-7 is 7.016004 u.

The relative abundance of lithium-6 is approximately 7.59% and",81.23010536466495,0.9681076407432556,0.9697265625,,0.078857421875,,,,,,
L3.1-8B,2,global,imperative,alpaca,"Instruction:
Convert the following binary code to ASCII characters.

Input:
01110101 01100001 01110010 01101001 01110100",Convert the following binary code to ASCII characters: 01110101 01100001 01110010 01101001 01110100.,0.9484837055206299,"01101001 01110100assistant

To convert the binary code to ASCII characters, we need to break it down into groups of 8 bits (since ASCII uses 8-bit binary code) and then convert each group to its corresponding ASCII character.

The given binary code is: 01110101 01100001 01110010 01101001 01110100

Breaking it down into groups of 8 bits:

1. 01110101
2. 01100001
3. 01110010","To convert the binary code to ASCII characters, we need to break it down into groups of 8 bits (since ASCII uses 8-bit binary code) and then convert each group to its corresponding ASCII character.

The given binary code is: 01110101 01100001 01110010 01101001 01110100

Breaking it down into groups of 8 bits:

1. 01110101
2. 01100001
3. 01110010",97.18328750329816,0.9832909107208252,0.98193359375,,-0.026123046875,,,,,,
L3.1-8B,3,global,imperative,alpaca,"Instruction:
Take this sentence and make it more descriptive: She was scared.

Input:
She was scared.",Make this sentence more descriptive: She was scared.,0.9221549034118652,"this sentence and make it more descriptive: She was scared.

Input:
She was scared.assistant

Her heart racing with a mix of fear and anxiety, she felt a cold sweat trickle down her spine as a sense of dread washed over her, leaving her feeling utterly terrified.","user

Make this sentence more descriptive: She was scared.assistant

Her heart racing with a mix of fear and anxiety, she felt a cold sweat trickle down her spine as her eyes widened with a sense of trepidation, her voice barely above a whisper as she struggled to find the courage to speak.",53.87109162253485,0.940454363822937,0.97314453125,,0.1435546875,,,,,,
L3.1-8B,4,global,imperative,alpaca,"Instruction:
Brainstorm 3 possible ideas to promote the following product

Input:
New motorized skateboard",Brainstorm 3 possible ideas to promote the new motorized skateboard.,0.9138814210891724,":
Brainstorm 3 possible ideas to promote the following product

Input:
New motorized skateboardassistant

Here are three possible ideas to promote the new motorized skateboard:

1. **""Ride the Future"" Social Media Campaign**:
Create a social media buzz by launching a campaign that showcases the thrill and excitement of riding the new motorized skateboard. Partner with popular social media influencers and content creators in the action sports and tech spaces to showcase the skateboard's features, speed, and agility. Encourage users to share their own videos and photos of them riding the skateboard, using a branded hashtag (e","3 possible ideas to promote the new motorized skateboard.assistant

Here are three possible ideas to promote the new motorized skateboard:

1. **""Ride the Future"" Social Media Campaign**:
   - Launch a social media contest where users can share their experiences and videos of riding the motorized skateboard in unique and exciting locations.
   - Encourage users to use a branded hashtag and tag the company's social media handle.
   - Offer prizes for the most creative and thrilling videos, such as a year's supply of replacement batteries or a free upgrade to a",38.194443447323884,0.9058833122253418,0.96337890625,,0.17578125,,,,,,
L3.1-8B,5,global,imperative,alpaca,"Instruction:
Rewrite the sentence using imperative mood.

Input:
Please pick up the book from the shelf.",Pick up the book from the shelf.,0.9018486142158508,"rite the sentence using imperative mood.

Input:
Please pick up the book from the shelf.assistant

Pick up the book from the shelf.","2024

user

Pick up the book from the shelf.assistant

I'm a large language model, I don't have a physical body, so I'm not capable of physically interacting with the world. I exist solely in the digital realm and can only provide information and assist with text-based tasks. However, I can provide information on how to pick up a book from a shelf if you'd like.",13.043000548843711,0.8596956133842468,0.28857421875,,0.734130859375,,,,,,
L3.1-8B,6,global,imperative,alpaca,"Instruction:
Describe a picnic vacation where four people are travelling together.

Input:
Four people are travelling together to a picnic vacation.",Describe a picnic vacation where four people are travelling together.,0.9214483499526978,"together.

Input:
Four people are travelling together to a picnic vacation.assistant

As the sun rises over the horizon, four friends, Alex, Emma, Jack, and Sarah, set off on their highly anticipated picnic vacation. They've been planning this trip for weeks, and the excitement is palpable. The group is filled with laughter and chatter as they load up their car with all the essentials: a blanket, a cooler filled with sandwiches, fruits, and refreshing drinks, a portable speaker to set the mood, and a frisbee for some friendly competition.

Their destination is","user

Describe a picnic vacation where four people are travelling together.assistant

It's a beautiful summer day, and four friends, Alex, Emma, Jack, and Sarah, have decided to embark on a picnic vacation together. They've rented a cozy cabin in a secluded area surrounded by lush green forests and a serene lake. The group has been planning this trip for months, and everyone is excited to spend some quality time together.

As they arrive at the cabin, they're greeted by the warm sunshine and the sweet scent of blooming wildflowers. The cabin is equipped with",22.38780154402734,0.8994271159172058,0.96240234375,,0.18896484375,,,,,,
L3.1-8B,7,global,imperative,alpaca,"Instruction:
Explain the concept of Big Data and what it means for companies and customers.",Explain the concept of Big Data and its implications for companies and customers.,0.9584277868270874,"user

Instruction:
Explain the concept of Big Data and what it means for companies and customers.assistant

**What is Big Data?**

Big Data refers to the vast amounts of structured and unstructured data that organizations generate, collect, and store. This data can come from various sources, including social media, sensors, IoT devices, mobile devices, and more. The term ""Big Data"" was coined in the early 2000s to describe the exponential growth of data that was becoming increasingly difficult to manage and analyze using traditional data processing tools.

**Characteristics of Big Data:**

1. **","Big Data and its implications for companies and customers.assistant

**What is Big Data?**

Big Data refers to the vast amounts of structured and unstructured data that organizations generate, collect, and store. This data can come from various sources, including social media, sensors, IoT devices, mobile devices, and more. The term ""Big Data"" was coined in the early 2000s to describe the exponential growth of data that was becoming increasingly difficult to manage and analyze using traditional data processing tools.

**Characteristics of Big Data:**

1. **",90.05694645017509,0.9776530265808105,0.9794921875,,0.0791015625,,,,,,
L3.1-8B,8,global,imperative,alpaca,"Instruction:
Analyze the given phrase in terms of its connotations.

Input:
Wild goose chase","Analyze the given phrase ""wild goose chase"" in terms of its connotations.",0.9131661057472229,"Instruction:
Analyze the given phrase in terms of its connotations.

Input:
Wild goose chaseassistant

The phrase ""wild goose chase"" is an idiomatic expression that refers to a pursuit or search that is futile, frustrating, or pointless. It is often used to describe a situation where someone is chasing after something that is elusive, unattainable, or nonexistent.

In terms of connotations, the phrase ""wild goose chase"" has several implications:

1. **Frustration**: The phrase implies that the pursuit is likely to end in disappointment or frustration, as the goal or target is un",""" in terms of its connotations.assistant

The phrase ""wild goose chase"" is an idiomatic expression that refers to a pursuit or search that is futile, frustrating, or pointless. It is often used to describe a situation where someone is chasing after something that is elusive, unattainable, or nonexistent.

Connotations of the phrase ""wild goose chase"" include:

1. **Futility**: The phrase implies that the pursuit is unlikely to succeed or achieve its intended goal. It suggests that the effort is being wasted or that the goal",64.6979911507863,0.9375095963478088,0.9111328125,,0.11962890625,,,,,,
L3.1-8B,9,global,imperative,alpaca,"Instruction:
List three potential sources for the following research problem.

Input:
What are the benefits of online learning?",List three potential sources for the research problem regarding the benefits of online learning.,0.9072619676589966,"sources for the following research problem.

Input:
What are the benefits of online learning?assistant

Here are three potential sources for researching the benefits of online learning:

1.  **Journal of Educational Computing Research**: This peer-reviewed journal is a leading publication in the field of educational technology and online learning. It publishes research articles on various aspects of online learning, including its benefits, effectiveness, and impact on student outcomes.

2.  **National Center for Education Statistics (NCES)**: The NCES is a trusted source of data and research on education in the United States. They publish reports and","the research problem regarding the benefits of online learning.assistant

Here are three potential sources for researching the benefits of online learning:

1.  **National Center for Education Statistics (NCES)**: The NCES is a trusted source of data and research on education in the United States. They have conducted numerous studies on online learning, including its effectiveness, student outcomes, and teacher training. Their research can provide valuable insights into the benefits of online learning, such as improved access to education, increased flexibility, and cost savings.

2.  **Journal of Educational Psychology",55.50300666470461,0.9341484904289246,0.93212890625,,0.109375,,,,,,
L3.1-8B,10,global,imperative,alpaca,"Instruction:
Arrange the following countries in ascending order of GDP per capita.

Input:
China, US, India, Japan","Arrange China, US, India, and Japan in ascending order of GDP per capita.",0.9321597218513489,"ascending order of GDP per capita.

Input:
China, US, India, Japanassistant

To arrange the countries in ascending order of GDP per capita, we need to know the current GDP per capita of each country. The GDP per capita can vary depending on the source and date, but based on the latest available data from 2021, here are the GDP per capita values for each country:

1. China: $10,260
2. India: $2,134
3. Japan: $44,200
4. US: $69,862

In ascending order","in ascending order of GDP per capita.assistant

According to the World Bank data for 2021, the GDP per capita for each country is as follows:

1. India: $2,134
2. China: $10,260
3. Japan: $44,211
4. United States: $69,862

So, the countries in ascending order of GDP per capita are:

1. India
2. China
3. Japan
4. United States",30.270081924142847,0.9260485172271729,0.92041015625,,0.21337890625,,,,,,
L3.1-8B,11,global,imperative,alpaca,"Instruction:
Name the boat depicted in the provided photo.

Input:
Attached photo",Name the boat depicted in the attached photo.,0.9086915850639343,"2024

user

Instruction:
Name the boat depicted in the provided photo.

Input:
Attached photoassistant

I'm not able to view or access images. However, I can guide you through a process to identify the boat in the photo.

To identify the boat, you can try the following steps:

1.  Describe the boat to me: Provide as much detail as possible about the boat, such as its size, shape, color, and any distinctive features.
2.  Provide more context: If you have any information about the photo, such as where it was taken or when it was taken,","4

user

Name the boat depicted in the attached photo.assistant

I'm not able to view the photo you've attached. However, I can try to help you identify the boat based on a description or other information you provide.",6.710378463029603,0.883947491645813,0.89404296875,,0.125,,,,,,
L3.1-8B,12,global,imperative,alpaca,"Instruction:
Edit the grammar and punctuation of the given sentence.

Input:
Humor is one of the most important ingredients of life",Edit the grammar and punctuation of the sentence: Humor is one of the most important ingredients of life.,0.9404412508010864,".

Input:
Humor is one of the most important ingredients of lifeassistant

The sentence is already grammatically correct, but it could be improved with a comma after ""life"" to provide a clearer pause and better flow. Here's the revised sentence:

Humor is one of the most important ingredients of life.","ingredients of life.assistant

Humor is one of the most important ingredients of life. 

(This sentence is already grammatically correct and properly punctuated. However, if you want to make it more engaging or varied, you could consider rephrasing it slightly.)

Example:
Humor is a vital ingredient that adds flavor to life.
Or:
Laughter and humor are essential components of a happy life.
Or:
A dash of humor is one of the key ingredients that make life worth living.",20.371830878360715,0.8917938470840454,0.94970703125,,0.1513671875,,,,,,
L3.1-8B,13,global,imperative,alpaca,"Instruction:
Calculate the length of the hypotenuse in the following triangle.

Input:
![alt text](https://www.onlinemathlearning.com/image-files/triangle-hypotenuse-length.png ""Right Triangle"")",Calculate the length of the hypotenuse in the triangle shown.,0.8696622252464294,"To calculate the length of the hypotenuse in the given right triangle, we can use the Pythagorean theorem. The Pythagorean theorem states that in a right-angled triangle, the square of the length of the hypotenuse (c) is equal to the sum of the squares of the lengths of the other two sides (a and b). 

The formula is: c² = a² + b²

In the given triangle, the two sides are 3 and 4","the length of the hypotenuse in the triangle shown.assistant

I'm not seeing a triangle in this conversation. Can you please provide the triangle's dimensions or any other relevant information so I can help you calculate the length of the hypotenuse?",10.537491654897492,0.845996618270874,0.51611328125,,0.134033203125,,,,,,
L3.1-8B,14,global,imperative,alpaca,"Instruction:
How many instruments does a symphony orchestra typically have?",Determine how many instruments a symphony orchestra typically has.,0.9335034489631653,": 26 Jul 2024

user

Instruction:
How many instruments does a symphony orchestra typically have?assistant

A typical symphony orchestra usually consists of around 80 to 100 musicians. The exact number can vary depending on the specific orchestra and the piece being performed. However, the standard instrumentation for a symphony orchestra includes:

1. Strings:
   - First violins (16-20 players)
   - Second violins (14-18 players)
   - Violas (10-14 players)
   - Cellos (8-12 players)
   - Double basses (6-10 players","Determine how many instruments a symphony orchestra typically has.assistant

A typical symphony orchestra usually consists of around 80 to 100 musicians, divided into four main sections: strings, woodwinds, brass, and percussion. Here's a breakdown of the typical number of instruments in each section:

1. **Strings** (40-50 musicians):
   - Violins (First and Second): 16-20 players
   - Violas: 6-8 players
   - Cellos: 6-8 players
   - Double Basses",22.47051942563189,0.9136365652084351,0.95068359375,,0.16259765625,,,,,,
L3.1-8B,15,global,imperative,alpaca,"Instruction:
Summarize the phrase: ""GPT is a natural language processing architecture.""","Summarize the phrase: ""GPT is a natural language processing architecture.""",0.9604343771934509,"user

Instruction:
Summarize the phrase: ""GPT is a natural language processing architecture.""assistant

The phrase ""GPT is a natural language processing architecture"" can be summarized as: 

GPT (Generative Pre-trained Transformer) is a type of artificial intelligence model designed to process and understand human language.","GPT is a natural language processing architecture.""assistant

The phrase ""GPT is a natural language processing architecture"" refers to the Generative Pre-trained Transformer (GPT) model, which is a type of artificial intelligence (AI) designed to process and generate human-like language. 

GPT is a neural network architecture that uses a transformer model, which is a type of deep learning algorithm that excels at processing sequential data, such as text. The model is pre-trained on a large corpus of text data, allowing it to learn patterns and relationships within",29.52610040347086,0.8983510732650757,0.95361328125,,0.0615234375,,,,,,
