model,prompt_id,place,strength,category,prompt_orig,prompt_pert,bertscore_prompt,response_orig,response_pert,bleu,bertscore_response,activation_similarity,delta_log_prob,entropy_shift,mirroring_rate,delta_bleu,delta_bertscore_prompt,delta_bertscore_response,delta_activation_similarity,delta_mirroring_rate
L3.1-8B,0,global,0.25,hotpot_qa,What nationality was Oliver Reed's character in the film Royal Flash?,Oliver Reed's character's nationality?,0.9089988470077516,"What nationality was Oliver Reed's character in the film Royal Flash?assistant

I am unable to verify the nationality of Oliver Reed's character in the film Royal Flash.","assistant

I'm not sure which character you are referring to. Oliver Reed was a British actor who appeared in many films. Could you please provide more context or information about the character you are asking about?",1.677323761536477,0.8814456462860107,0.83447265625,-14.84375,0.24169921875,0.0,-98.32267623846357,-0.09100115299224842,-0.11855423450469971,-0.16455078125,-1.0
L3.1-8B,1,global,0.25,hotpot_qa,Pacific Mozart Ensemble performed which German composer's Der Lindberghflug in 2002?,Which composer’s Der Lindberghflug?,0.9103577136993408,"flug in 2002?assistant

I am unable to verify the German composer of Der Lindberghflug.","The composer of ""Der Lindberghflug"" is Kurt Weill.",6.496183867338828,0.8824049830436707,0.5390625,-26.15625,0.43359375,0.0,-93.50381613266121,-0.0896422266960144,-0.11759495735168457,-0.46044921875,-1.0
L3.1-8B,2,global,0.25,hotpot_qa,"Who released the song ""With or Without You"" first, Jai McDowall or U2?","Who first released ""With or Without You""?",0.920876145362854,"all or U2?assistant

The song ""With or Without You"" was released by the Irish rock band U2 in 1987. It was a single from their album ""The Joshua Tree.""","assistant

The song ""With or Without You"" was released by the Irish rock band U2. It was released in 1987 as part of their album ""The Joshua Tree"".",62.69842332140611,0.9620444178581238,0.76611328125,0.4375,-0.03076171875,0.0,-37.30157667859393,-0.079123854637146,-0.03795558214187622,-0.2333984375,-1.0
L3.1-8B,3,global,0.25,hotpot_qa,"What Kentucky county has a population of 60,316 and features the Lake Louisvilla neighborhood?","Which Kentucky county has 60,316 residents?",0.9240344762802124,"features the Lake Louisvilla neighborhood?assistant

I am unable to verify the county in Kentucky with a population of 60,316 that features the Lake Louisvilla neighborhood.","I am unable to verify which Kentucky county has 60,316 residents.",9.679435237438616,0.9048765301704408,0.7763671875,-45.25,0.5244140625,0.0,-90.32056476256143,-0.07596546411514282,-0.09512346982955922,-0.2236328125,-1.0
L3.1-8B,4,global,0.25,hotpot_qa,"Para Hills West, South Australia lies within a city with what estimated population?",Para Hills West population?,0.9130967855453492,"South Australia lies within a city with what estimated population?assistant

I am unable to verify the population of Para Hills West, South Australia.","population?assistant

I'm not aware of any information about a place called ""Para Hills West."" However, I found that Para Hills is a suburb of Adelaide, South Australia.",13.045857367954053,0.8988283276557922,0.8076171875,-41.1875,0.3291015625,0.0,-86.95414263204599,-0.08690321445465077,-0.10117155313491821,-0.1923828125,-1.0
L3.1-8B,5,global,0.25,hotpot_qa,"In what year was the narrator of ""Blackadder's Christmas Carol"" born?",When was the narrator born?,0.9148692488670348,"of ""Blackadder's Christmas Carol"" born?assistant

I am unable to verify the birth year of the narrator of ""Blackadder's Christmas Carol"".","?assistant

I'm not aware of any information about a specific narrator you are referring to. Could you please provide more context or clarify who the narrator is?",4.038771194843466,0.857633650302887,0.276123046875,-38.71875,0.3251953125,0.0,-95.96122880515658,-0.0851307511329652,-0.1423664689064026,-0.723876953125,-1.0
L3.1-8B,6,global,0.25,hotpot_qa,"Thomas Fitch defended John Henry Holliday when he was accused of killing men during the gunfight at the o.k. corral, when was that?",When did Thomas Fitch defend Holliday?,0.8994463086128235,I am unable to verify the name of the person who defended John Henry Holliday.,"assistant

I am unable to verify when Thomas Fitch defended Holliday.",27.013687588206388,0.9119397401809692,0.7783203125,-8.359375,0.052734375,0.0,-72.98631241179365,-0.10055369138717651,-0.08806025981903076,-0.220703125,-1.0
L3.1-8B,7,global,0.25,hotpot_qa,The actor that played Gutthi on Comedy nights with Kapil Show also starred in what 2016 Punjabi film directed by Smeep Kang?,Which 2016 Punjabi film starred Gutthi?,0.9030666947364808,I am unable to verify the actor who played Gutthi on Comedy Nights with Kapil.,I am unable to verify which 2016 Punjabi film starred Gutthi.,24.70918283591955,0.9243801832199096,0.6376953125,-15.3515625,0.224609375,0.0,-75.2908171640805,-0.09693330526351918,-0.07561981678009044,-0.36181640625,-1.0
L3.1-8B,8,global,0.25,hotpot_qa,"Victor Varnada directed Twisted Fortune, which starred which brother of Eddie Murphy?",Which Murphy brother starred in Twisted Fortune?,0.9035024046897888,"which starred which brother of Eddie Murphy?assistant

I am unable to verify the director of Twisted Fortune or the brother of Eddie Murphy that starred in it.","assistant

I am unable to verify which Murphy brother starred in Twisted Fortune.",15.000438332318234,0.929301917552948,0.8828125,-34.65625,0.4599609375,0.0,-84.9995616676818,-0.09649759531021118,-0.070698082447052,-0.1171875,-1.0
L3.1-8B,9,global,0.25,hotpot_qa,"After his curacy at the village that is a suburb of Scunthorpe, who was Industrial Chaplain to the Bishop of Lincoln?",Who was the Industrial Chaplain?,0.8745376467704773,I am unable to verify who the Industrial Chaplain to the Bishop of Lincoln was after his curacy at the village that is a suburb of Scunthorpe.,"assistant

I am unable to verify who the Industrial Chaplain was.",19.686548054233764,0.8841700553894043,0.69873046875,-72.30859375,1.505615234375,0.0,-80.31345194576627,-0.1254623532295227,-0.1158299446105957,-0.30078125,-1.0
L3.1-8B,10,global,0.25,hotpot_qa,What is the first two words of the fifth studio album of Joseph Edgar Foreman?,First two words of fifth album?,0.9156329035758972,"fifth studio album of Joseph Edgar Foreman?assistant

I am unable to verify the first two words of the fifth studio album of Joseph Edgar Foreman.","assistant

I'm not sure which fifth album you are referring to. Could you please provide more context or information about the album you are looking for, such as the artist or genre?",1.8289966666149708,0.8587491512298584,0.60009765625,-35.53125,0.6298828125,0.0,-98.17100333338507,-0.08436697721481323,-0.14125096797943115,-0.39990234375,-1.0
L3.1-8B,11,global,0.25,hotpot_qa,The Twelfth United States Army Group commander was the first chairman of what?,Who was the first chairman?,0.8857992887496948,"States Army Group commander was the first chairman of what?assistant

The Twelfth United States Army Group (USAG) commander, General Omar Bradley, was the first chairman of the Joint Chiefs of Staff.","?assistant

There have been many individuals who have held the position of chairman in various contexts, so it's difficult to pinpoint a single ""first"" chairman without more information. Here are a few examples:

1.  **United States Senate**: The first chairman of the United States Senate was William Maclay, who served as the chairman of the Senate Committee on the Judiciary in 1789.
2.  **Federal Reserve**: The first chairman of the Federal Reserve System was Charles Sumner Hamlin, who",4.700386691673187,0.8261663913726807,0.345947265625,-63.65625,1.193359375,0.0,-95.29961330832685,-0.11420071125030518,-0.17383360862731934,-0.654052734375,-1.0
L3.1-8B,12,global,0.25,hotpot_qa,Politician Lyman Sherwood was born in what New York county?,Which New York county was Lyman Sherwood born in?,0.9580166935920716,"Lyman Sherwood was born in what New York county?assistant

I do not have information on a politician named Lyman Sherwood.",I do not have information on a person named Lyman Sherwood.,29.384508067883136,0.9122913479804992,0.9658203125,-18.34375,0.1025390625,0.0,-70.61549193211691,-0.041983306407928356,-0.08770865201950084,-0.03515625,-1.0
L3.1-8B,13,global,0.25,hotpot_qa,Robert Earl Holding owned an oil company that was originally founded by who?,Who founded Robert Holding's oil company?,0.9298571348190308,"Holding owned an oil company that was originally founded by who?assistant

I am unable to verify who founded the oil company owned by Robert Earl Holding.","assistant

I am unable to verify who founded Robert Holding's oil company.",18.69401193575788,0.937716007232666,0.82861328125,-23.3125,0.2119140625,0.0,-81.30598806424216,-0.07014286518096924,-0.062283992767333984,-0.17236328125,-1.0
L3.1-8B,14,global,0.25,hotpot_qa,"The chorus of ""On the Radio"" contains references to the song ""November Rain"" whose band's lead singer is?",Who is the lead singer?,0.8726755976676941,"is?assistant

The song ""On the Radio"" is by Weird Al Yankovic, and the chorus contains a reference to the song ""November Rain"" by Guns N' Roses. The lead singer of Guns N' Roses is Axl Rose.","?assistant

I can give you a list of famous lead singers from various bands and genres. Here are a few examples:

1. Rock music:
   - Freddie Mercury (Queen)
   - Robert Plant (Led Zeppelin)
   - Steven Tyler (Aerosmith)
   - Bruce Springsteen (Bruce Springsteen)
   - Axl Rose (Guns N' Roses)

2. Pop music:
   - Michael Jackson (The Jackson 5)
   - Justin Bieber
   - Taylor Swift",2.8578242719979285,0.8255130648612976,0.317626953125,-90.5625,0.81005859375,0.0,-97.14217572800212,-0.12732452154159546,-0.1744869351387024,-0.681396484375,-1.0
L3.1-8B,15,global,0.25,hotpot_qa,"If the Charhki  Dadri crash was less dangerous than the Tenerife airport disaster, which occured firat?",Which crash was first?,0.8515847325325012,"?assistant

I couldn't find any information on the ""Charhki Dadri crash."" However, I found information on the Charakhi or Charakhi Dadri crash, which occurred on 14 July 1978. 

The Tenerife airport disaster occurred on 27 March 1977.","first?assistant

There are several crashes you might be referring to, so I'll provide a few possibilities:

1. **The Hindenburg Disaster (1937)**: The Hindenburg was a German passenger airship that caught fire and crashed while attempting to dock in Lakehurst, New Jersey, on May 6, 1937. This was a major disaster that marked the end of the era of passenger airships.

2. **The Titanic (1912)**: The RMS Titanic was a British passenger liner that",1.146897623128149,0.8538937568664551,0.58935546875,-101.5,0.7958984375,0.0,-98.85310237687189,-0.14841526746749878,-0.14610612392425537,-0.41064453125,-1.0
L3.1-8B,0,global,0.5,hotpot_qa,What nationality was Oliver Reed's character in the film Royal Flash?,What was Oliver Reed's character's nationality in Royal Flash?,0.9610095620155334,"What nationality was Oliver Reed's character in the film Royal Flash?assistant

I am unable to verify the nationality of Oliver Reed's character in the film Royal Flash.","nationality in Royal Flash?assistant

I am unable to verify Oliver Reed's character's nationality in Royal Flash.",31.68795458505647,0.9437031149864196,0.97509765625,-6.28125,0.14892578125,0.0,-68.31204541494357,-0.03899043798446655,-0.05629676580429088,-0.02392578125,-1.0
L3.1-8B,1,global,0.5,hotpot_qa,Pacific Mozart Ensemble performed which German composer's Der Lindberghflug in 2002?,Which German composer’s Der Lindberghflug did Pacific Mozart Ensemble perform in 2002?,0.9646725654602052,"flug in 2002?assistant

I am unable to verify the German composer of Der Lindberghflug.",I am unable to verify which German composer's Der Lindberghflug the Pacific Mozart Ensemble performed in 2002.,27.69413275131341,0.8983262181282043,0.939453125,-4.28125,0.15234375,0.0,-72.30586724868664,-0.035327374935150035,-0.10167372226715088,-0.06005859375,-1.0
L3.1-8B,2,global,0.5,hotpot_qa,"Who released the song ""With or Without You"" first, Jai McDowall or U2?","Who first released ""With or Without You,"" Jai McDowall or U2?",0.9797266125679016,"all or U2?assistant

The song ""With or Without You"" was released by the Irish rock band U2 in 1987. It was a single from their album ""The Joshua Tree.""","assistant

The song ""With or Without You"" was released by the Irish rock band U2. It was a single from their 1987 album ""The Joshua Tree.""",74.35350242466394,0.9715243577957152,0.97119140625,1.4375,0.00439453125,0.0,-25.6464975753361,-0.02027338743209839,-0.02847564220428478,-0.0283203125,-1.0
L3.1-8B,3,global,0.5,hotpot_qa,"What Kentucky county has a population of 60,316 and features the Lake Louisvilla neighborhood?","Which Kentucky county has 60,316 residents and Lake Louisvilla?",0.9548267126083374,"features the Lake Louisvilla neighborhood?assistant

I am unable to verify the county in Kentucky with a population of 60,316 that features the Lake Louisvilla neighborhood.","Louisvilla?assistant

I am unable to verify which Kentucky county has 60,316 residents and Lake Louisvilla.",23.19028781050234,0.9347712993621826,0.98388671875,-25.625,0.5087890625,1.0,-76.8097121894977,-0.04517322778701782,-0.06522870063781738,-0.01611328125,0.0
L3.1-8B,4,global,0.5,hotpot_qa,"Para Hills West, South Australia lies within a city with what estimated population?",What is Para Hills West's population estimate?,0.9060261249542236,"South Australia lies within a city with what estimated population?assistant

I am unable to verify the population of Para Hills West, South Australia.","is Para Hills West's population estimate?assistant

I am unable to verify the population of Para Hills West.",45.26754824512607,0.932958722114563,0.71923828125,-42.4375,0.2314453125,0.0,-54.73245175487397,-0.09397387504577637,-0.06704115867614746,-0.28076171875,-1.0
L3.1-8B,5,global,0.5,hotpot_qa,"In what year was the narrator of ""Blackadder's Christmas Carol"" born?","When was the narrator of ""Blackadder's Christmas Carol"" born?",0.9795796871185304,"of ""Blackadder's Christmas Carol"" born?assistant

I am unable to verify the birth year of the narrator of ""Blackadder's Christmas Carol"".",""" born?assistant

I am unable to verify the birthdate of the narrator of ""Blackadder's Christmas Carol"".",65.0481040840101,0.9562417268753052,0.88623046875,-5.21875,0.060546875,0.0,-34.95189591598994,-0.020420312881469616,-0.043758392333984375,-0.11376953125,-1.0
L3.1-8B,6,global,0.5,hotpot_qa,"Thomas Fitch defended John Henry Holliday when he was accused of killing men during the gunfight at the o.k. corral, when was that?",When did Thomas Fitch defend John Henry Holliday in the O.K. Corral gunfight?,0.9391237497329712,I am unable to verify the name of the person who defended John Henry Holliday.,I am unable to verify when Thomas Fitch defended John Henry Holliday in the O.K. Corral gunfight.,29.94516062318392,0.9324622750282288,0.958984375,-1.171875,-0.1923828125,0.0,-70.05483937681612,-0.06087625026702881,-0.06753772497177124,-0.0400390625,-1.0
L3.1-8B,7,global,0.5,hotpot_qa,The actor that played Gutthi on Comedy nights with Kapil Show also starred in what 2016 Punjabi film directed by Smeep Kang?,Which 2016 Punjabi film directed by Smeep Kang starred the actor Gutthi?,0.9267760515213012,I am unable to verify the actor who played Gutthi on Comedy Nights with Kapil.,I am unable to verify which 2016 Punjabi film directed by Smeep Kang starred the actor Gutthi.,24.62395302527262,0.9052197337150574,0.64208984375,-12.9609375,0.2392578125,0.0,-75.37604697472742,-0.07322394847869884,-0.09478026628494263,-0.357421875,-1.0
L3.1-8B,8,global,0.5,hotpot_qa,"Victor Varnada directed Twisted Fortune, which starred which brother of Eddie Murphy?",Which brother of Eddie Murphy starred in Twisted Fortune directed by Victor Varnada?,0.9515202641487122,"which starred which brother of Eddie Murphy?assistant

I am unable to verify the director of Twisted Fortune or the brother of Eddie Murphy that starred in it.","assistant

I am unable to verify which brother of Eddie Murphy starred in Twisted Fortune directed by Victor Varnada.",29.09857230970655,0.9213939309120178,0.943359375,-21.40625,0.1171875,0.0,-70.90142769029349,-0.04847973585128784,-0.07860606908798218,-0.056640625,-1.0
L3.1-8B,9,global,0.5,hotpot_qa,"After his curacy at the village that is a suburb of Scunthorpe, who was Industrial Chaplain to the Bishop of Lincoln?",Who was the Industrial Chaplain to the Bishop of Lincoln after his curacy in Scunthorpe?,0.950927734375,I am unable to verify who the Industrial Chaplain to the Bishop of Lincoln was after his curacy at the village that is a suburb of Scunthorpe.,I am unable to verify who the Industrial Chaplain to the Bishop of Lincoln was after their curacy in Scunthorpe.,56.448520865382456,0.971932888031006,0.916015625,-31.43359375,0.360595703125,0.0,-43.55147913461759,-0.049072265625,-0.02806711196899403,-0.08349609375,-1.0
L3.1-8B,10,global,0.5,hotpot_qa,What is the first two words of the fifth studio album of Joseph Edgar Foreman?,What are the first two words of Joseph Edgar Foreman's fifth album?,0.976649820804596,"fifth studio album of Joseph Edgar Foreman?assistant

I am unable to verify the first two words of the fifth studio album of Joseph Edgar Foreman.","album?assistant

I am unable to verify the first two words of Joseph Edgar Foreman's fifth album.",43.98915014932404,0.948246955871582,0.89697265625,-10.34375,0.279296875,0.0,-56.010849850676,-0.023350059986114502,-0.05175316333770752,-0.10302734375,-1.0
L3.1-8B,11,global,0.5,hotpot_qa,The Twelfth United States Army Group commander was the first chairman of what?,Who was the first chairman of what?,0.9030221700668336,"States Army Group commander was the first chairman of what?assistant

The Twelfth United States Army Group (USAG) commander, General Omar Bradley, was the first chairman of the Joint Chiefs of Staff.","Who was the first chairman of what?assistant

There are many individuals who have been the first chairman of various organizations, institutions, or companies. Could you please provide more context or specify which organization you are referring to?",22.204588318592485,0.8421627879142761,0.363525390625,-48.90625,1.2275390625,0.0,-77.79541168140756,-0.09697782993316639,-0.15783721208572388,-0.636474609375,-1.0
L3.1-8B,12,global,0.5,hotpot_qa,Politician Lyman Sherwood was born in what New York county?,Which New York county was Lyman Sherwood born in?,0.9580165147781372,"Lyman Sherwood was born in what New York county?assistant

I do not have information on a politician named Lyman Sherwood.","Sherwood born in?assistant

I do not have information on a person named Lyman Sherwood.",47.66317727393672,0.9414196610450744,0.9658203125,-18.34375,0.1025390625,0.0,-52.336822726063325,-0.04198348522186279,-0.05858033895492565,-0.03515625,-1.0
L3.1-8B,13,global,0.5,hotpot_qa,Robert Earl Holding owned an oil company that was originally founded by who?,Who originally founded Robert Earl Holding's oil company?,0.9397292733192444,"Holding owned an oil company that was originally founded by who?assistant

I am unable to verify who founded the oil company owned by Robert Earl Holding.","Robert Earl Holding's oil company?assistant

I do not have information on who founded Robert Earl Holding's oil company.",8.596293977778112,0.926258385181427,0.9306640625,-13.75,0.1796875,0.0,-91.40370602222193,-0.060270726680755615,-0.073741614818573,-0.0703125,-1.0
L3.1-8B,14,global,0.5,hotpot_qa,"The chorus of ""On the Radio"" contains references to the song ""November Rain"" whose band's lead singer is?","Who is the lead singer of the band in ""November Rain""?",0.903995931148529,"is?assistant

The song ""On the Radio"" is by Weird Al Yankovic, and the chorus contains a reference to the song ""November Rain"" by Guns N' Roses. The lead singer of Guns N' Roses is Axl Rose.","""November Rain""?assistant

The song ""November Rain"" is by the band Guns N' Roses, and the lead singer is Axl Rose.",25.44780476802691,0.9270333647727966,0.85546875,-60.5,0.61181640625,1.0,-74.55219523197313,-0.0960041880607605,-0.07296663522720337,-0.1435546875,0.0
L3.1-8B,15,global,0.5,hotpot_qa,"If the Charhki  Dadri crash was less dangerous than the Tenerife airport disaster, which occured firat?","Which occurred first, Charhki Dadri or Tenerife?",0.8944490551948547,"?assistant

I couldn't find any information on the ""Charhki Dadri crash."" However, I found information on the Charakhi or Charakhi Dadri crash, which occurred on 14 July 1978. 

The Tenerife airport disaster occurred on 27 March 1977.","enerife?assistant

I'm not aware of any information about Charhki Dadri. However, I do know about the Tenerife airport disaster, which occurred on March 27, 1977. It was a major aviation accident that happened at Los Rodeos Airport (now known as Tenerife-North Airport) in the Canary Islands, Spain. 

If you could provide more context or information about Charhki Dadri, I may be able to help you better.",7.645328912606711,0.9057856202125548,0.791015625,-25.375,0.3359375,0.0,-92.35467108739333,-0.10555094480514526,-0.09421426057815563,-0.208984375,-1.0
L3.1-8B,0,global,1.0,hotpot_qa,What nationality was Oliver Reed's character in the film Royal Flash?,What nationality was Oliver Reed's character in the film Royal Flash?,1.0,"What nationality was Oliver Reed's character in the film Royal Flash?assistant

I am unable to verify the nationality of Oliver Reed's character in the film Royal Flash.","What nationality was Oliver Reed's character in the film Royal Flash?assistant

I am unable to verify the nationality of Oliver Reed's character in the film Royal Flash.",100.00000000000004,0.9999998807907104,0.9990234375,-0.0,0.0,1.0,0.0,0.0,0.0,0.0,0.0
L3.1-8B,1,global,1.0,hotpot_qa,Pacific Mozart Ensemble performed which German composer's Der Lindberghflug in 2002?,Pacific Mozart Ensemble performed which German composer's Der Lindberghflug in 2002?,0.9999999403953552,"flug in 2002?assistant

I am unable to verify the German composer of Der Lindberghflug.","flug in 2002?assistant

I am unable to verify the German composer of Der Lindberghflug.",100.00000000000004,0.9999999403953552,0.99951171875,-0.0,0.0,1.0,0.0,0.0,0.0,0.0,0.0
L3.1-8B,2,global,1.0,hotpot_qa,"Who released the song ""With or Without You"" first, Jai McDowall or U2?","Who released the song ""With or Without You"" first, Jai McDowall or U2?",1.0,"all or U2?assistant

The song ""With or Without You"" was released by the Irish rock band U2 in 1987. It was a single from their album ""The Joshua Tree.""","all or U2?assistant

The song ""With or Without You"" was released by the Irish rock band U2 in 1987. It was a single from their album ""The Joshua Tree.""",100.00000000000004,1.0,0.99951171875,-0.0,0.0,1.0,0.0,0.0,0.0,0.0,0.0
L3.1-8B,3,global,1.0,hotpot_qa,"What Kentucky county has a population of 60,316 and features the Lake Louisvilla neighborhood?","What Kentucky county has a population of 60,316 and features the Lake Louisvilla neighborhood?",0.9999999403953552,"features the Lake Louisvilla neighborhood?assistant

I am unable to verify the county in Kentucky with a population of 60,316 that features the Lake Louisvilla neighborhood.","features the Lake Louisvilla neighborhood?assistant

I am unable to verify the county in Kentucky with a population of 60,316 that features the Lake Louisvilla neighborhood.",100.00000000000004,1.0,1.0,-0.0,0.0,1.0,0.0,0.0,0.0,0.0,0.0
L3.1-8B,4,global,1.0,hotpot_qa,"Para Hills West, South Australia lies within a city with what estimated population?","Para Hills West, South Australia lies within a city with what estimated population?",1.0,"South Australia lies within a city with what estimated population?assistant

I am unable to verify the population of Para Hills West, South Australia.","South Australia lies within a city with what estimated population?assistant

I am unable to verify the population of Para Hills West, South Australia.",100.00000000000004,0.9999998807907104,1.0,-0.0,0.0,1.0,0.0,0.0,0.0,0.0,0.0
L3.1-8B,5,global,1.0,hotpot_qa,"In what year was the narrator of ""Blackadder's Christmas Carol"" born?","In what year was the narrator of ""Blackadder's Christmas Carol"" born?",1.0,"of ""Blackadder's Christmas Carol"" born?assistant

I am unable to verify the birth year of the narrator of ""Blackadder's Christmas Carol"".","of ""Blackadder's Christmas Carol"" born?assistant

I am unable to verify the birth year of the narrator of ""Blackadder's Christmas Carol"".",100.00000000000004,1.0000001192092896,1.0,-0.0,0.0,1.0,0.0,0.0,0.0,0.0,0.0
L3.1-8B,6,global,1.0,hotpot_qa,"Thomas Fitch defended John Henry Holliday when he was accused of killing men during the gunfight at the o.k. corral, when was that?","Thomas Fitch defended John Henry Holliday when he was accused of killing men during the gunfight at the o.k. corral, when was that?",1.0,I am unable to verify the name of the person who defended John Henry Holliday.,I am unable to verify the name of the person who defended John Henry Holliday.,100.00000000000004,1.0,0.9990234375,-0.0,0.0,1.0,0.0,0.0,0.0,0.0,0.0
L3.1-8B,7,global,1.0,hotpot_qa,The actor that played Gutthi on Comedy nights with Kapil Show also starred in what 2016 Punjabi film directed by Smeep Kang?,The actor that played Gutthi on Comedy nights with Kapil Show also starred in what 2016 Punjabi film directed by Smeep Kang?,1.0,I am unable to verify the actor who played Gutthi on Comedy Nights with Kapil.,I am unable to verify the actor who played Gutthi on Comedy Nights with Kapil.,100.00000000000004,1.0,0.99951171875,-0.0,0.0,1.0,0.0,0.0,0.0,0.0,0.0
L3.1-8B,8,global,1.0,hotpot_qa,"Victor Varnada directed Twisted Fortune, which starred which brother of Eddie Murphy?","Victor Varnada directed Twisted Fortune, which starred which brother of Eddie Murphy?",1.0,"which starred which brother of Eddie Murphy?assistant

I am unable to verify the director of Twisted Fortune or the brother of Eddie Murphy that starred in it.","which starred which brother of Eddie Murphy?assistant

I am unable to verify the director of Twisted Fortune or the brother of Eddie Murphy that starred in it.",100.00000000000004,1.0,1.0,-0.0,0.0,1.0,0.0,0.0,0.0,0.0,0.0
L3.1-8B,9,global,1.0,hotpot_qa,"After his curacy at the village that is a suburb of Scunthorpe, who was Industrial Chaplain to the Bishop of Lincoln?","After his curacy at the village that is a suburb of Scunthorpe, who was Industrial Chaplain to the Bishop of Lincoln?",1.0,I am unable to verify who the Industrial Chaplain to the Bishop of Lincoln was after his curacy at the village that is a suburb of Scunthorpe.,I am unable to verify who the Industrial Chaplain to the Bishop of Lincoln was after his curacy at the village that is a suburb of Scunthorpe.,100.00000000000004,1.0,0.99951171875,-0.0,0.0,1.0,0.0,0.0,0.0,0.0,0.0
L3.1-8B,10,global,1.0,hotpot_qa,What is the first two words of the fifth studio album of Joseph Edgar Foreman?,What is the first two words of the fifth studio album of Joseph Edgar Foreman?,0.9999998807907104,"fifth studio album of Joseph Edgar Foreman?assistant

I am unable to verify the first two words of the fifth studio album of Joseph Edgar Foreman.","fifth studio album of Joseph Edgar Foreman?assistant

I am unable to verify the first two words of the fifth studio album of Joseph Edgar Foreman.",100.00000000000004,1.0000001192092896,1.0,-0.0,0.0,1.0,0.0,0.0,0.0,0.0,0.0
L3.1-8B,11,global,1.0,hotpot_qa,The Twelfth United States Army Group commander was the first chairman of what?,The Twelfth United States Army Group commander was the first chairman of what?,1.0,"States Army Group commander was the first chairman of what?assistant

The Twelfth United States Army Group (USAG) commander, General Omar Bradley, was the first chairman of the Joint Chiefs of Staff.","States Army Group commander was the first chairman of what?assistant

The Twelfth United States Army Group (USAG) commander, General Omar Bradley, was the first chairman of the Joint Chiefs of Staff.",100.00000000000004,1.0,1.0,-0.0,0.0,1.0,0.0,0.0,0.0,0.0,0.0
L3.1-8B,12,global,1.0,hotpot_qa,Politician Lyman Sherwood was born in what New York county?,Politician Lyman Sherwood was born in what New York county?,1.0,"Lyman Sherwood was born in what New York county?assistant

I do not have information on a politician named Lyman Sherwood.","Lyman Sherwood was born in what New York county?assistant

I do not have information on a politician named Lyman Sherwood.",100.00000000000004,1.0,1.0009765625,-0.0,0.0,1.0,0.0,0.0,0.0,0.0,0.0
L3.1-8B,13,global,1.0,hotpot_qa,Robert Earl Holding owned an oil company that was originally founded by who?,Robert Earl Holding owned an oil company that was originally founded by who?,1.0,"Holding owned an oil company that was originally founded by who?assistant

I am unable to verify who founded the oil company owned by Robert Earl Holding.","Holding owned an oil company that was originally founded by who?assistant

I am unable to verify who founded the oil company owned by Robert Earl Holding.",100.00000000000004,1.0,1.0009765625,-0.0,0.0,1.0,0.0,0.0,0.0,0.0,0.0
L3.1-8B,14,global,1.0,hotpot_qa,"The chorus of ""On the Radio"" contains references to the song ""November Rain"" whose band's lead singer is?","The chorus of ""On the Radio"" contains references to the song ""November Rain"" whose band's lead singer is?",1.0000001192092896,"is?assistant

The song ""On the Radio"" is by Weird Al Yankovic, and the chorus contains a reference to the song ""November Rain"" by Guns N' Roses. The lead singer of Guns N' Roses is Axl Rose.","is?assistant

The song ""On the Radio"" is by Weird Al Yankovic, and the chorus contains a reference to the song ""November Rain"" by Guns N' Roses. The lead singer of Guns N' Roses is Axl Rose.",100.00000000000004,1.0,0.9990234375,-0.0,0.0,1.0,0.0,0.0,0.0,0.0,0.0
L3.1-8B,15,global,1.0,hotpot_qa,"If the Charhki  Dadri crash was less dangerous than the Tenerife airport disaster, which occured firat?","If the Charhki  Dadri crash was less dangerous than the Tenerife airport disaster, which occured firat?",1.0,"?assistant

I couldn't find any information on the ""Charhki Dadri crash."" However, I found information on the Charakhi or Charakhi Dadri crash, which occurred on 14 July 1978. 

The Tenerife airport disaster occurred on 27 March 1977.","?assistant

I couldn't find any information on the ""Charhki Dadri crash."" However, I found information on the Charakhi or Charakhi Dadri crash, which occurred on 14 July 1978. 

The Tenerife airport disaster occurred on 27 March 1977.",100.00000000000004,0.9999998807907104,1.0,-0.0,0.0,1.0,0.0,0.0,0.0,0.0,0.0
L3.1-8B,0,global,1.5,hotpot_qa,What nationality was Oliver Reed's character in the film Royal Flash?,What was the nationality of the character played by Oliver Reed in the film titled Royal Flash?,0.9504299759864808,"What nationality was Oliver Reed's character in the film Royal Flash?assistant

I am unable to verify the nationality of Oliver Reed's character in the film Royal Flash.","What was the nationality of the character played by Oliver Reed in the film titled Royal Flash?assistant

I am unable to verify the nationality of the character played by Oliver Reed in the film titled Royal Flash.",39.91817923637513,0.9694927930831908,0.9716796875,-7.21875,0.1171875,1.0,-60.08182076362491,-0.049570024013519176,-0.030507087707519642,-0.02734375,0.0
L3.1-8B,1,global,1.5,hotpot_qa,Pacific Mozart Ensemble performed which German composer's Der Lindberghflug in 2002?,"Which German composer’s work, titled Der Lindberghflug, was performed by the Pacific Mozart Ensemble in the year 2002?",0.9421429634094238,"flug in 2002?assistant

I am unable to verify the German composer of Der Lindberghflug.","Pacific Mozart Ensemble in the year 2002?assistant

I am unable to verify the German composer who wrote the work titled Der Lindberghflug.",46.66756931662375,0.9456424713134766,0.849609375,-5.875,0.306640625,1.0,-53.332430683376295,-0.057856976985931396,-0.05435746908187866,-0.14990234375,0.0
L3.1-8B,2,global,1.5,hotpot_qa,"Who released the song ""With or Without You"" first, Jai McDowall or U2?","Who was the first artist to release the song titled ""With or Without You,"" Jai McDowall or the band U2?",0.9625176787376404,"all or U2?assistant

The song ""With or Without You"" was released by the Irish rock band U2 in 1987. It was a single from their album ""The Joshua Tree.""","Jai McDowall or the band U2?assistant

The song ""With or Without You"" is actually by the Irish rock band U2, not Jai McDowall. It was released in 1987 on their album ""The Joshua Tree.""",54.75552251387049,0.9389468431472778,0.9580078125,-2.375,-0.04833984375,1.0,-45.244477486129554,-0.03748232126235962,-0.06105315685272217,-0.04150390625,0.0
L3.1-8B,3,global,1.5,hotpot_qa,"What Kentucky county has a population of 60,316 and features the Lake Louisvilla neighborhood?","Which specific county in Kentucky has a total population of 60,316 and includes the neighborhood known as Lake Louisvilla?",0.9548893570899964,"features the Lake Louisvilla neighborhood?assistant

I am unable to verify the county in Kentucky with a population of 60,316 that features the Lake Louisvilla neighborhood.","60,316 and includes the neighborhood known as Lake Louisvilla?assistant

I am unable to verify the specific county in Kentucky with a total population of 60,316 that includes the neighborhood known as Lake Louisvilla.",40.11466319428128,0.9524085521697998,0.9833984375,-11.3125,0.2099609375,1.0,-59.885336805718765,-0.045110583305358776,-0.047591447830200195,-0.0166015625,0.0
L3.1-8B,4,global,1.5,hotpot_qa,"Para Hills West, South Australia lies within a city with what estimated population?","What is the estimated population of the city in which Para Hills West, located in South Australia, is situated?",0.9214640259742736,"South Australia lies within a city with what estimated population?assistant

I am unable to verify the population of Para Hills West, South Australia.","the city in which Para Hills West, located in South Australia, is situated?assistant

I am unable to verify the population of the city in which Para Hills West is situated.",34.936045232359575,0.928270936012268,0.86376953125,-27.5,0.1396484375,1.0,-65.06395476764047,-0.07853597402572643,-0.0717289447784425,-0.13623046875,0.0
L3.1-8B,5,global,1.5,hotpot_qa,"In what year was the narrator of ""Blackadder's Christmas Carol"" born?","In which specific year did the narrator of ""Blackadder's Christmas Carol"" come into existence?",0.963613212108612,"of ""Blackadder's Christmas Carol"" born?assistant

I am unable to verify the birth year of the narrator of ""Blackadder's Christmas Carol"".","In which specific year did the narrator of ""Blackadder's Christmas Carol"" come into existence?assistant

I am sorry, but I am unable to verify the year the narrator of ""Blackadder's Christmas Carol"" came into existence.",42.48905592259059,0.9198472499847412,0.96142578125,-10.21875,0.109375,1.0,-57.510944077409455,-0.03638678789138805,-0.08015286922454834,-0.03857421875,0.0
L3.1-8B,6,global,1.5,hotpot_qa,"Thomas Fitch defended John Henry Holliday when he was accused of killing men during the gunfight at the o.k. corral, when was that?",Thomas Fitch provided a defense for John Henry Holliday at the time he faced accusations of having killed men during the infamous gunfight that took place at the O.K. Corral; when did this event occur?,0.9520017504692078,I am unable to verify the name of the person who defended John Henry Holliday.,"The gunfight at the O.K. Corral occurred on October 26, 1881.",2.908317710573757,0.8670592904090881,0.9248046875,-2.84375,0.060546875,0.0,-97.09168228942629,-0.047998249530792236,-0.13294070959091187,-0.07421875,-1.0
L3.1-8B,7,global,1.5,hotpot_qa,The actor that played Gutthi on Comedy nights with Kapil Show also starred in what 2016 Punjabi film directed by Smeep Kang?,The actor who portrayed the character Gutthi on the popular Comedy Nights with Kapil Show also had a role in which Punjabi film that was released in 2016 and directed by Smeep Kang?,0.9629104733467102,I am unable to verify the actor who played Gutthi on Comedy Nights with Kapil.,I am unable to verify the actor who portrayed the character Gutthi on the popular Comedy Nights with Kapil Show.,48.45766087853282,0.9765183329582214,0.95703125,-2.8828125,0.0361328125,1.0,-51.54233912146722,-0.037089526653289795,-0.023481667041778564,-0.04248046875,0.0
L3.1-8B,8,global,1.5,hotpot_qa,"Victor Varnada directed Twisted Fortune, which starred which brother of Eddie Murphy?","Victor Varnada was the director of the film Twisted Fortune, which featured which brother of the famous Eddie Murphy?",0.968473255634308,"which starred which brother of Eddie Murphy?assistant

I am unable to verify the director of Twisted Fortune or the brother of Eddie Murphy that starred in it.","isted Fortune, which featured which brother of the famous Eddie Murphy?assistant

I am unable to verify the director of the film Twisted Fortune or any information about a brother of Eddie Murphy being involved in it.",43.83729772468032,0.9344120025634766,0.9833984375,-13.21875,-0.02734375,1.0,-56.162702275319724,-0.03152674436569203,-0.06558799743652344,-0.0166015625,0.0
L3.1-8B,9,global,1.5,hotpot_qa,"After his curacy at the village that is a suburb of Scunthorpe, who was Industrial Chaplain to the Bishop of Lincoln?","Following his time serving as a curate in the village that is located as a suburb of Scunthorpe, who held the position of Industrial Chaplain to the Bishop of Lincoln?",0.9566795825958252,I am unable to verify who the Industrial Chaplain to the Bishop of Lincoln was after his curacy at the village that is a suburb of Scunthorpe.,"assistant

I am unable to verify who held the position of Industrial Chaplain to the Bishop of Lincoln following their time as a curate in a suburb of Scunthorpe.",46.51113009711743,0.939378261566162,0.97607421875,-17.63671875,0.287841796875,0.0,-53.48886990288261,-0.043320417404174805,-0.060621738433838,-0.0234375,-1.0
L3.1-8B,10,global,1.5,hotpot_qa,What is the first two words of the fifth studio album of Joseph Edgar Foreman?,What are the very first two words that appear in the fifth studio album created by Joseph Edgar Foreman?,0.9573585987091064,"fifth studio album of Joseph Edgar Foreman?assistant

I am unable to verify the first two words of the fifth studio album of Joseph Edgar Foreman.","first two words that appear in the fifth studio album created by Joseph Edgar Foreman?assistant

I am unable to verify the first two words of the fifth studio album by Joseph Edgar Foreman, also known as Daniel Johnston.",50.440335516902245,0.9496766924858092,0.955078125,-4.5,0.19140625,1.0,-49.5596644830978,-0.042641282081604004,-0.050323426723480336,-0.044921875,0.0
L3.1-8B,11,global,1.5,hotpot_qa,The Twelfth United States Army Group commander was the first chairman of what?,"Who was the first chairman of what organization, specifically the Twelfth United States Army Group commander?",0.937879741191864,"States Army Group commander was the first chairman of what?assistant

The Twelfth United States Army Group (USAG) commander, General Omar Bradley, was the first chairman of the Joint Chiefs of Staff.","Who was the first chairman of what organization, specifically the Twelfth United States Army Group commander?assistant

The first chairman of the Joint Chiefs of Staff was General Omar Bradley, but he was not the first commander of the Twelfth United States Army Group. 

The Twelfth United States Army Group was formed in 1944 during World War II. The first commander of the Twelfth United States Army Group was General Omar Bradley.",28.465547444949365,0.8896501064300537,0.9443359375,-13.03125,0.4296875,0.0,-71.53445255505068,-0.062120258808135986,-0.11034989356994629,-0.0556640625,-1.0
L3.1-8B,12,global,1.5,hotpot_qa,Politician Lyman Sherwood was born in what New York county?,In which specific county in New York was the politician Lyman Sherwood born?,0.942156970500946,"Lyman Sherwood was born in what New York county?assistant

I do not have information on a politician named Lyman Sherwood.","user

In which specific county in New York was the politician Lyman Sherwood born?assistant

I do not have information on the birth county of Lyman Sherwood.",34.0917579218045,0.9350162148475648,0.9462890625,-8.25,0.123046875,1.0,-65.90824207819554,-0.057843029499053955,-0.06498378515243519,-0.0546875,0.0
L3.1-8B,13,global,1.5,hotpot_qa,Robert Earl Holding owned an oil company that was originally founded by who?,Who is the individual that originally founded the oil company owned by Robert Earl Holding?,0.9326155781745912,"Holding owned an oil company that was originally founded by who?assistant

I am unable to verify who founded the oil company owned by Robert Earl Holding.","user

Who is the individual that originally founded the oil company owned by Robert Earl Holding?assistant

I am unable to verify who the individual that originally founded the oil company owned by Robert Earl Holding.",45.89863998812973,0.9088163375854492,0.84375,-10.875,0.291015625,1.0,-54.10136001187031,-0.06738442182540882,-0.09118366241455078,-0.1572265625,0.0
L3.1-8B,14,global,1.5,hotpot_qa,"The chorus of ""On the Radio"" contains references to the song ""November Rain"" whose band's lead singer is?","The chorus of the song titled ""On the Radio"" includes several references to the well-known song ""November Rain,"" and I am curious about which band's lead singer it is.",0.9276350736618042,"is?assistant

The song ""On the Radio"" is by Weird Al Yankovic, and the chorus contains a reference to the song ""November Rain"" by Guns N' Roses. The lead singer of Guns N' Roses is Axl Rose.","is.assistant

I'm not aware of a song titled ""On the Radio"" that directly references ""November Rain."" However, I can provide some information about the song ""November Rain"" and its lead singer.

""November Rain"" is a power ballad by the American rock band Guns N' Roses. The song was released in 1992 as part of their album ""Use Your Illusion I."" The lead singer of Guns N' Roses is Axl Rose.",26.01908482329465,0.9038361310958862,0.83203125,-13.1875,0.30517578125,0.0,-73.9809151767054,-0.07236504554748535,-0.09616386890411377,-0.1669921875,-1.0
L3.1-8B,15,global,1.5,hotpot_qa,"If the Charhki  Dadri crash was less dangerous than the Tenerife airport disaster, which occured firat?","If the Charhki Dadri crash was considered to be less dangerous than the Tenerife airport disaster, which incident actually occurred first?",0.9433237314224244,"?assistant

I couldn't find any information on the ""Charhki Dadri crash."" However, I found information on the Charakhi or Charakhi Dadri crash, which occurred on 14 July 1978. 

The Tenerife airport disaster occurred on 27 March 1977.","ife airport disaster, which incident actually occurred first?assistant

I am unable to verify the information about the Charhki Dadri crash being less dangerous than the Tenerife airport disaster.",7.868418593287956,0.8914464712142944,0.9619140625,-2.3125,0.080078125,0.0,-92.13158140671209,-0.05667626857757557,-0.10855340957641602,-0.0380859375,-1.0
L3.1-8B,0,global,2.0,hotpot_qa,What nationality was Oliver Reed's character in the film Royal Flash?,What was the nationality of the character portrayed by Oliver Reed in the film titled Royal Flash?,0.9497207403182985,"What nationality was Oliver Reed's character in the film Royal Flash?assistant

I am unable to verify the nationality of Oliver Reed's character in the film Royal Flash.","2024

user

What was the nationality of the character portrayed by Oliver Reed in the film titled Royal Flash?assistant

I am unable to verify the nationality of the character portrayed by Oliver Reed in the film titled Royal Flash.",37.94536784371285,0.952831506729126,0.9716796875,-8.0625,0.1201171875,0.0,-62.05463215628719,-0.05027925968170155,-0.04716837406158447,-0.02734375,-1.0
L3.1-8B,1,global,2.0,hotpot_qa,Pacific Mozart Ensemble performed which German composer's Der Lindberghflug in 2002?,Which German composer’s work titled Der Lindberghflug was performed by the Pacific Mozart Ensemble in the year 2002?,0.9467944502830504,"flug in 2002?assistant

I am unable to verify the German composer of Der Lindberghflug.","Lindberghflug was performed by the Pacific Mozart Ensemble in the year 2002?assistant

I am unable to verify which German composer's work titled Der Lindberghflug was performed by the Pacific Mozart Ensemble in the year 2002.",20.86872196157068,0.905131697654724,0.81103515625,-7.40625,0.314453125,0.0,-79.13127803842936,-0.0532054901123048,-0.09486824274063121,-0.1884765625,-1.0
L3.1-8B,2,global,2.0,hotpot_qa,"Who released the song ""With or Without You"" first, Jai McDowall or U2?","Who was the first artist to release the song titled ""With or Without You,"" was it Jai McDowall or the band U2?",0.9584391117095948,"all or U2?assistant

The song ""With or Without You"" was released by the Irish rock band U2 in 1987. It was a single from their album ""The Joshua Tree.""","Without You,"" was it Jai McDowall or the band U2?assistant

The song ""With or Without You"" was released by the Irish rock band U2 in 1987. It was a single from their album ""The Joshua Tree.""",75.79463477834607,0.9500032067298888,0.95654296875,-4.0625,-0.08349609375,0.0,-24.205365221653977,-0.04156088829040516,-0.049996793270111195,-0.04296875,-1.0
L3.1-8B,3,global,2.0,hotpot_qa,"What Kentucky county has a population of 60,316 and features the Lake Louisvilla neighborhood?","Which specific county in the state of Kentucky has a total population of 60,316 and includes the neighborhood known as Lake Louisvilla within its boundaries?",0.9464162588119508,"features the Lake Louisvilla neighborhood?assistant

I am unable to verify the county in Kentucky with a population of 60,316 that features the Lake Louisvilla neighborhood.",",316 and includes the neighborhood known as Lake Louisvilla within its boundaries?assistant

I am unable to verify the specific county in the state of Kentucky that has a total population of 60,316 and includes the neighborhood known as Lake Louisvilla within its boundaries.",22.25446226081767,0.9384986758232116,0.98193359375,-13.4375,0.16796875,1.0,-77.74553773918237,-0.05358368158340443,-0.06150132417678844,-0.01806640625,0.0
L3.1-8B,4,global,2.0,hotpot_qa,"Para Hills West, South Australia lies within a city with what estimated population?","Para Hills West, which is located in South Australia, is situated within a city that has what is the estimated population size?",0.9457446932792664,"South Australia lies within a city with what estimated population?assistant

I am unable to verify the population of Para Hills West, South Australia.","is located in South Australia, is situated within a city that has what is the estimated population size?assistant

I am unable to verify the population size of the city where Para Hills West is located.",30.63545259253485,0.9500200748443604,0.9443359375,-26.6875,0.13671875,0.0,-69.3645474074652,-0.05425530672073364,-0.0499798059463501,-0.0556640625,-1.0
L3.1-8B,5,global,2.0,hotpot_qa,"In what year was the narrator of ""Blackadder's Christmas Carol"" born?","In which specific year did the narrator of the story titled ""Blackadder's Christmas Carol"" come into existence and was born?",0.948749303817749,"of ""Blackadder's Christmas Carol"" born?assistant

I am unable to verify the birth year of the narrator of ""Blackadder's Christmas Carol"".","the narrator of the story titled ""Blackadder's Christmas Carol"" come into existence and was born?assistant

I am unable to verify the birth year of the narrator of the story titled ""Blackadder's Christmas Carol"".",55.70127670247997,0.9445175528526306,0.93896484375,-5.75,0.0556640625,1.0,-44.29872329752007,-0.05125069618225098,-0.055482566356658936,-0.06103515625,0.0
L3.1-8B,6,global,2.0,hotpot_qa,"Thomas Fitch defended John Henry Holliday when he was accused of killing men during the gunfight at the o.k. corral, when was that?",Thomas Fitch took it upon himself to defend John Henry Holliday at the time when he faced accusations of having killed several men during the infamous gunfight that took place at the O.K. Corral. Can you tell me when that event occurred?,0.9457544088363647,I am unable to verify the name of the person who defended John Henry Holliday.,"The gunfight at the O.K. Corral occurred on October 26, 1881.",2.908317710573757,0.8670592904090881,0.9345703125,-1.3125,0.1396484375,0.0,-97.09168228942629,-0.054245591163635254,-0.13294070959091187,-0.064453125,-1.0
L3.1-8B,7,global,2.0,hotpot_qa,The actor that played Gutthi on Comedy nights with Kapil Show also starred in what 2016 Punjabi film directed by Smeep Kang?,The actor who portrayed the character Gutthi on the popular television program Comedy Nights with Kapil Show also had a role in which Punjabi film that was released in the year 2016 and was directed by the filmmaker Smeep Kang?,0.9506414532661438,I am unable to verify the actor who played Gutthi on Comedy Nights with Kapil.,I am unable to verify the actor who portrayed the character Gutthi on the popular television program Comedy Nights with Kapil Show.,43.937095446369234,0.9702027440071106,0.96240234375,-4.203125,0.01904296875,1.0,-56.06290455363081,-0.0493585467338562,-0.029797255992889404,-0.037109375,0.0
L3.1-8B,8,global,2.0,hotpot_qa,"Victor Varnada directed Twisted Fortune, which starred which brother of Eddie Murphy?","Victor Varnada was the director of the film titled Twisted Fortune, and I would like to know which brother of Eddie Murphy starred in it.",0.9341238737106324,"which starred which brother of Eddie Murphy?assistant

I am unable to verify the director of Twisted Fortune or the brother of Eddie Murphy that starred in it.","I would like to know which brother of Eddie Murphy starred in it.assistant

I am unable to verify which brother of Eddie Murphy starred in the film Twisted Fortune.",43.02270931392636,0.925839364528656,0.9541015625,-14.78125,0.0087890625,0.0,-56.97729068607368,-0.06587612628936756,-0.074160635471344,-0.0458984375,-1.0
L3.1-8B,9,global,2.0,hotpot_qa,"After his curacy at the village that is a suburb of Scunthorpe, who was Industrial Chaplain to the Bishop of Lincoln?","Following his time serving as a curate in the village that is located as a suburb of Scunthorpe, who held the position of Industrial Chaplain to the Bishop of Lincoln?",0.9566795825958252,I am unable to verify who the Industrial Chaplain to the Bishop of Lincoln was after his curacy at the village that is a suburb of Scunthorpe.,"lain to the Bishop of Lincoln?assistant

I am unable to verify who held the position of Industrial Chaplain to the Bishop of Lincoln following their time as a curate in a suburb of Scunthorpe.",37.81146078841189,0.9294826984405518,0.97607421875,-17.63671875,0.287841796875,0.0,-62.18853921158815,-0.043320417404174805,-0.07051730155944824,-0.0234375,-1.0
L3.1-8B,10,global,2.0,hotpot_qa,What is the first two words of the fifth studio album of Joseph Edgar Foreman?,What are the very first two words that can be found in the fifth studio album created by Joseph Edgar Foreman?,0.952479898929596,"fifth studio album of Joseph Edgar Foreman?assistant

I am unable to verify the first two words of the fifth studio album of Joseph Edgar Foreman.","are the very first two words that can be found in the fifth studio album created by Joseph Edgar Foreman?assistant

I am unable to verify the fifth studio album created by Joseph Edgar Foreman.",46.63935323706326,0.9427068829536438,0.94482421875,-5.21875,0.08203125,0.0,-53.36064676293678,-0.0475199818611145,-0.05729323625564575,-0.05517578125,-1.0
L3.1-8B,11,global,2.0,hotpot_qa,The Twelfth United States Army Group commander was the first chairman of what?,"Who was the individual that served as the first chairman of the organization, and who held the position of commander of the Twelfth United States Army Group?",0.9132340550422668,"States Army Group commander was the first chairman of what?assistant

The Twelfth United States Army Group (USAG) commander, General Omar Bradley, was the first chairman of the Joint Chiefs of Staff.","who held the position of commander of the Twelfth United States Army Group?assistant

The individual who served as the first chairman of the organization and held the position of commander of the Twelfth United States Army Group was General Omar Bradley.",25.18328621059581,0.8865333199501038,0.9443359375,-23.46875,0.673828125,0.0,-74.81671378940423,-0.08676594495773315,-0.11346668004989624,-0.0556640625,-1.0
L3.1-8B,12,global,2.0,hotpot_qa,Politician Lyman Sherwood was born in what New York county?,In which specific county in the state of New York was the politician Lyman Sherwood born?,0.9418452978134156,"Lyman Sherwood was born in what New York county?assistant

I do not have information on a politician named Lyman Sherwood.","4

user

In which specific county in the state of New York was the politician Lyman Sherwood born?assistant

I do not have information on the birthplace of Lyman Sherwood.",30.73370724719807,0.9350069761276244,0.9404296875,-9.125,0.1416015625,0.0,-69.26629275280197,-0.05815470218658436,-0.0649930238723756,-0.060546875,-1.0
L3.1-8B,13,global,2.0,hotpot_qa,Robert Earl Holding owned an oil company that was originally founded by who?,Who is the individual or group that originally founded the oil company that was owned by Robert Earl Holding?,0.930270493030548,"Holding owned an oil company that was originally founded by who?assistant

I am unable to verify who founded the oil company owned by Robert Earl Holding.","user

Who is the individual or group that originally founded the oil company that was owned by Robert Earl Holding?assistant

I do not have information on who founded the oil company owned by Robert Earl Holding.",37.668626628381055,0.9091528654098512,0.8740234375,-11.1875,0.2841796875,0.0,-62.33137337161899,-0.06972950696945202,-0.09084713459014881,-0.126953125,-1.0
L3.1-8B,14,global,2.0,hotpot_qa,"The chorus of ""On the Radio"" contains references to the song ""November Rain"" whose band's lead singer is?","The chorus of the song titled ""On the Radio"" includes several references to another song known as ""November Rain,"" and I am curious to know who the lead singer of the band that performs this song is?",0.923797607421875,"is?assistant

The song ""On the Radio"" is by Weird Al Yankovic, and the chorus contains a reference to the song ""November Rain"" by Guns N' Roses. The lead singer of Guns N' Roses is Axl Rose.","song is?assistant

The song ""On the Radio"" is performed by the band R.E.M. The lead singer of R.E.M. is Michael Stipe.",30.954063781422345,0.9111156463623048,0.8759765625,-9.3125,0.2509765625,0.0,-69.0459362185777,-0.07620251178741455,-0.0888843536376952,-0.123046875,-1.0
L3.1-8B,15,global,2.0,hotpot_qa,"If the Charhki  Dadri crash was less dangerous than the Tenerife airport disaster, which occured firat?","If we consider the Charhki Dadri crash to be less dangerous in comparison to the Tenerife airport disaster, then which of these two incidents actually occurred first in chronological order?",0.9161503911018372,"?assistant

I couldn't find any information on the ""Charhki Dadri crash."" However, I found information on the Charakhi or Charakhi Dadri crash, which occurred on 14 July 1978. 

The Tenerife airport disaster occurred on 27 March 1977.","incidents actually occurred first in chronological order?assistant

I couldn't find any information about the ""Charhki Dadri crash."" However, I found information about the Charakhi or Charakhi Dadri crash, which occurred on 14 September 1950. 

The Tenerife airport disaster occurred on 27 March 1977.",68.75265575590076,0.9752588868141174,0.91357421875,-2.375,0.0263671875,0.0,-31.24734424409928,-0.08384960889816284,-0.024740993976593018,-0.08642578125,-1.0
L3.1-8B,0,global,3.0,hotpot_qa,What nationality was Oliver Reed's character in the film Royal Flash?,What was the specific nationality of the character portrayed by Oliver Reed in the film that is titled Royal Flash?,0.9397160410881042,"What nationality was Oliver Reed's character in the film Royal Flash?assistant

I am unable to verify the nationality of Oliver Reed's character in the film Royal Flash.","ting Knowledge Date: December 2023
Today Date: 26 Jul 2024

user

What was the specific nationality of the character portrayed by Oliver Reed in the film that is titled Royal Flash?assistant

I am unable to verify the nationality of the character portrayed by Oliver Reed in the film ""Royal Flash"".",26.728255206224976,0.923221468925476,0.97119140625,-11.25,0.13671875,0.0,-73.27174479377507,-0.06028395891189575,-0.07677841186523449,-0.02783203125,-1.0
L3.1-8B,1,global,3.0,hotpot_qa,Pacific Mozart Ensemble performed which German composer's Der Lindberghflug in 2002?,"In the year 2002, which specific German composer’s work titled Der Lindberghflug was performed by the Pacific Mozart Ensemble during their concert?",0.9355186223983764,"flug in 2002?assistant

I am unable to verify the German composer of Der Lindberghflug.","user

In the year 2002, which specific German composer’s work titled Der Lindberghflug was performed by the Pacific Mozart Ensemble during their concert?assistant

I am unable to verify the specific German composer whose work titled Der Lindberghflug was performed by the Pacific Mozart Ensemble in 2002.",16.8918351148984,0.886837899684906,0.83984375,-10.53125,0.3662109375,0.0,-83.10816488510164,-0.06448131799697887,-0.11316204071044922,-0.15966796875,-1.0
L3.1-8B,2,global,3.0,hotpot_qa,"Who released the song ""With or Without You"" first, Jai McDowall or U2?","Who was the first artist to release the song titled ""With or Without You,"" was it Jai McDowall, the singer known for his performances, or was it the renowned band U2, famous for their impactful music?",0.9283517003059388,"all or U2?assistant

The song ""With or Without You"" was released by the Irish rock band U2 in 1987. It was a single from their album ""The Joshua Tree.""","known for his performances, or was it the renowned band U2, famous for their impactful music?assistant

The song ""With or Without You"" was actually released by the renowned Irish rock band U2, not Jai McDowall. It was a single from their 1987 album ""The Joshua Tree."" The song was written by U2's lead vocalist Bono and guitarist The Edge. It became one of the band's most popular and enduring songs, and it's considered one of the greatest songs of all time.",26.263578997740115,0.9058060646057128,0.9296875,-10.75,-0.076171875,1.0,-73.73642100225993,-0.07164829969406117,-0.09419393539428722,-0.06982421875,0.0
L3.1-8B,3,global,3.0,hotpot_qa,"What Kentucky county has a population of 60,316 and features the Lake Louisvilla neighborhood?","Which specific county located in the state of Kentucky has a total population of 60,316 residents and also includes the neighborhood known as Lake Louisvilla within its geographical boundaries?",0.9378092288970948,"features the Lake Louisvilla neighborhood?assistant

I am unable to verify the county in Kentucky with a population of 60,316 that features the Lake Louisvilla neighborhood.","county located in the state of Kentucky has a total population of 60,316 residents and also includes the neighborhood known as Lake Louisvilla within its geographical boundaries?assistant

I am unable to verify the specific county in Kentucky with a population of 60,316 residents that includes the neighborhood known as Lake Louisvilla within its geographical boundaries.",26.4609390681709,0.9299722909927368,0.97802734375,-15.3125,0.2109375,0.0,-73.53906093182914,-0.06219071149826039,-0.07002770900726318,-0.02197265625,-1.0
L3.1-8B,4,global,3.0,hotpot_qa,"Para Hills West, South Australia lies within a city with what estimated population?","Para Hills West, which is located in the region of South Australia, is situated within a city that has an estimated population size. What is the approximate number of individuals living in this city?",0.9302086234092712,"South Australia lies within a city with what estimated population?assistant

I am unable to verify the population of Para Hills West, South Australia.","of South Australia, is situated within a city that has an estimated population size. What is the approximate number of individuals living in this city?assistant

I am unable to verify the population of the city where Para Hills West is located.",27.71278200952491,0.9416404366493224,0.916015625,-29.4375,0.232421875,0.0,-72.28721799047513,-0.06979137659072876,-0.05835944414138805,-0.083984375,-1.0
L3.1-8B,5,global,3.0,hotpot_qa,"In what year was the narrator of ""Blackadder's Christmas Carol"" born?","In which specific year did the narrator of the well-known work titled ""Blackadder's Christmas Carol"" come into existence and celebrate their birth?",0.9347031116485596,"of ""Blackadder's Christmas Carol"" born?assistant

I am unable to verify the birth year of the narrator of ""Blackadder's Christmas Carol"".","Jul 2024

user

In which specific year did the narrator of the well-known work titled ""Blackadder's Christmas Carol"" come into existence and celebrate their birth?assistant

I am sorry, but I am unable to verify the year the narrator of ""Blackadder's Christmas Carol"" was born.",33.46708003139966,0.9079343676567078,0.9453125,-4.96875,0.119140625,0.0,-66.53291996860038,-0.06529688835144043,-0.09206575155258179,-0.0546875,-1.0
L3.1-8B,6,global,3.0,hotpot_qa,"Thomas Fitch defended John Henry Holliday when he was accused of killing men during the gunfight at the o.k. corral, when was that?",Thomas Fitch took it upon himself to defend John Henry Holliday at the time when he faced accusations of having killed several men during the infamous gunfight that occurred at the O.K. Corral. This significant event in history raises the question of when exactly did this gunfight take place?,0.934972643852234,I am unable to verify the name of the person who defended John Henry Holliday.,"exactly did this gunfight take place?assistant

The gunfight at the O.K. Corral occurred on October 26, 1881.",1.8709718017288024,0.860588550567627,0.89892578125,-3.125,0.078125,0.0,-98.12902819827124,-0.065027356147766,-0.13941144943237305,-0.10009765625,-1.0
L3.1-8B,7,global,3.0,hotpot_qa,The actor that played Gutthi on Comedy nights with Kapil Show also starred in what 2016 Punjabi film directed by Smeep Kang?,The actor who portrayed the character Gutthi on the popular television program Comedy Nights with Kapil Show is also known for his role in a particular Punjabi film that was released in the year 2016. This film was directed by the talented filmmaker Smeep Kang. Can you recall the title of that specific Punjabi film in which he starred?,0.9313482642173768,I am unable to verify the actor who played Gutthi on Comedy Nights with Kapil.,I am unable to verify the title of the Punjabi film released in 2016 that the actor who portrayed Gutthi on the Comedy Nights with Kapil Show starred in.,28.950110908559694,0.9475438594818116,0.93212890625,-4.8203125,0.03369140625,0.0,-71.04988909144035,-0.06865173578262318,-0.052456140518188366,-0.0673828125,-1.0
L3.1-8B,8,global,3.0,hotpot_qa,"Victor Varnada directed Twisted Fortune, which starred which brother of Eddie Murphy?","Victor Varnada was the director of the film titled Twisted Fortune, and I would like to know which brother of the famous comedian Eddie Murphy starred in this particular movie?",0.928826093673706,"which starred which brother of Eddie Murphy?assistant

I am unable to verify the director of Twisted Fortune or the brother of Eddie Murphy that starred in it.","the director of the film titled Twisted Fortune, and I would like to know which brother of the famous comedian Eddie Murphy starred in this particular movie?assistant

I am unable to verify which brother of Eddie Murphy starred in the film Twisted Fortune.",27.169969862509245,0.9186049103736876,0.9482421875,-17.28125,0.0830078125,0.0,-72.8300301374908,-0.07117390632629395,-0.08139508962631237,-0.0517578125,-1.0
L3.1-8B,9,global,3.0,hotpot_qa,"After his curacy at the village that is a suburb of Scunthorpe, who was Industrial Chaplain to the Bishop of Lincoln?","Following his time serving as a curate in the village that is situated as a suburb of Scunthorpe, who then took on the role of Industrial Chaplain to the Bishop of Lincoln?",0.949389636516571,I am unable to verify who the Industrial Chaplain to the Bishop of Lincoln was after his curacy at the village that is a suburb of Scunthorpe.,"as a suburb of Scunthorpe, who then took on the role of Industrial Chaplain to the Bishop of Lincoln?assistant

I am unable to verify who took on the role of Industrial Chaplain to the Bishop of Lincoln after serving as a curate in a suburb of Scunthorpe.",27.443481336742803,0.8976598978042603,0.974609375,-18.52734375,0.364990234375,0.0,-72.55651866325724,-0.050610363483428955,-0.10234010219573975,-0.02490234375,-1.0
L3.1-8B,10,global,3.0,hotpot_qa,What is the first two words of the fifth studio album of Joseph Edgar Foreman?,What are the very first two words that can be found in the fifth studio album created by the artist known as Joseph Edgar Foreman?,0.9483190178871156,"fifth studio album of Joseph Edgar Foreman?assistant

I am unable to verify the first two words of the fifth studio album of Joseph Edgar Foreman.","26 Jul 2024

user

What are the very first two words that can be found in the fifth studio album created by the artist known as Joseph Edgar Foreman?assistant

I am unable to verify the first two words of the fifth studio album by the artist known as Joseph Edgar Foreman.",40.45612085216754,0.9205340147018432,0.92431640625,-7.8125,0.1708984375,0.0,-59.543879147832506,-0.05168086290359486,-0.0794661045074464,-0.07568359375,-1.0
L3.1-8B,11,global,3.0,hotpot_qa,The Twelfth United States Army Group commander was the first chairman of what?,Who was the individual that served as the commander of the Twelfth United States Army Group and also held the distinction of being the very first chairman of what organization or committee?,0.9178153872489928,"States Army Group commander was the first chairman of what?assistant

The Twelfth United States Army Group (USAG) commander, General Omar Bradley, was the first chairman of the Joint Chiefs of Staff.","the individual that served as the commander of the Twelfth United States Army Group and also held the distinction of being the very first chairman of what organization or committee?assistant

The individual who served as the commander of the Twelfth United States Army Group and also held the distinction of being the very first chairman of the Joint Chiefs of Staff was General Omar Bradley.",24.60873260225606,0.892937421798706,0.9501953125,-24.40625,0.47265625,0.0,-75.39126739774397,-0.08218461275100719,-0.10706257820129395,-0.0498046875,-1.0
L3.1-8B,12,global,3.0,hotpot_qa,Politician Lyman Sherwood was born in what New York county?,In which specific county located in the state of New York was the politician named Lyman Sherwood born?,0.9291032552719116,"Lyman Sherwood was born in what New York county?assistant

I do not have information on a politician named Lyman Sherwood.","ting Knowledge Date: December 2023
Today Date: 26 Jul 2024

user

In which specific county located in the state of New York was the politician named Lyman Sherwood born?assistant

I am unable to verify the county in New York where Lyman Sherwood was born.",12.97231157666765,0.8988888263702393,0.9443359375,-8.90625,0.1015625,0.0,-87.02768842333239,-0.07089674472808838,-0.10111117362976074,-0.056640625,-1.0
L3.1-8B,13,global,3.0,hotpot_qa,Robert Earl Holding owned an oil company that was originally founded by who?,"Robert Earl Holding was the owner of an oil company, and I would like to know who it was that originally founded this particular oil company that he eventually came to own and manage.",0.9099949598312378,"Holding owned an oil company that was originally founded by who?assistant

I am unable to verify who founded the oil company owned by Robert Earl Holding.","of an oil company, and I would like to know who it was that originally founded this particular oil company that he eventually came to own and manage.assistant

I am unable to verify who founded the oil company that Robert Earl Holding eventually came to own and manage.",27.15469079318861,0.9072169661521912,0.90625,-11.3125,0.3271484375,0.0,-72.84530920681144,-0.09000504016876221,-0.09278303384780884,-0.0947265625,-1.0
L3.1-8B,14,global,3.0,hotpot_qa,"The chorus of ""On the Radio"" contains references to the song ""November Rain"" whose band's lead singer is?","The chorus of the song titled ""On the Radio"" includes several references to another well-known song called ""November Rain."" This particular song is performed by a band whose lead singer is a prominent figure in the music industry. Can you identify who that lead singer is?",0.914493203163147,"is?assistant

The song ""On the Radio"" is by Weird Al Yankovic, and the chorus contains a reference to the song ""November Rain"" by Guns N' Roses. The lead singer of Guns N' Roses is Axl Rose.","the music industry. Can you identify who that lead singer is?assistant

The song ""On the Radio"" is performed by Good Charlotte, and it is a reference to the song ""November Rain"" by Guns N' Roses. The lead singer of Guns N' Roses is Axl Rose.",63.65622814011308,0.9306266903877258,0.87841796875,-8.375,0.18505859375,0.0,-36.343771859886964,-0.08550691604614258,-0.06937330961227417,-0.12060546875,-1.0
L3.1-8B,15,global,3.0,hotpot_qa,"If the Charhki  Dadri crash was less dangerous than the Tenerife airport disaster, which occured firat?","In the event that the Charhki Dadri crash is considered to be less dangerous when compared to the Tenerife airport disaster, which of these two incidents actually occurred first in chronological order?",0.915150821208954,"?assistant

I couldn't find any information on the ""Charhki Dadri crash."" However, I found information on the Charakhi or Charakhi Dadri crash, which occurred on 14 July 1978. 

The Tenerife airport disaster occurred on 27 March 1977.","considered to be less dangerous when compared to the Tenerife airport disaster, which of these two incidents actually occurred first in chronological order?assistant

The Tenerife airport disaster occurred on March 27, 1977. 

The Charjki Dadri crash occurred on November 7, 1996.",15.608851408801392,0.8961449861526489,0.8798828125,-2.625,0.0166015625,0.0,-84.39114859119866,-0.08484917879104603,-0.10385489463806152,-0.1201171875,-1.0
